id_nave_clase;id_nave_matricula;id_orbita_exc;id_sentido;id_altura
654;524141;0.43;Horario;25156.9
987;627932;0.35;Anti-Horario;12875.89
798;355188;0.64;Horario;32646.29
147;632349;0.45;Anti-Horario;17309.6
258;584581;0.02;Horario;7279.97
369;443447;0.47;Horario;33367.35
741;526524;0.57;Horario;9643.61
852;411580;0.02;Anti-Horario;17454.72
963;807305;0.05;Anti-Horario;29207.98
753;699496;0.12;Anti-Horario;28663.92
951;885465;0.51;Anti-Horario;11866.38
456;956125;0.1;Horario;26059.25
123;513947;0.15;Horario;20337.13
654;973065;0.68;Horario;2431.81
987;346507;0.59;Anti-Horario;7205.76
798;975516;0.74;Horario;10601.17
147;534664;0.9;Horario;8019.01
258;413872;0.72;Horario;32044.91
369;903050;0.8;Anti-Horario;28765.03
741;730727;0.92;Anti-Horario;27722.09
852;691852;0.18;Horario;32813.06
963;586583;0.95;Horario;17239.17
753;327338;0.06;Anti-Horario;19596.36
951;467129;0.4;Horario;26206.9
456;570508;0.33;Horario;31457.1
123;747079;0.99;Anti-Horario;6104.41
654;947781;0.73;Anti-Horario;8767.24
987;711116;0.29;Anti-Horario;27519.61
798;775245;0.12;Anti-Horario;3354.53
147;803713;0.51;Anti-Horario;1334.28
258;943874;0.68;Horario;34922.45
369;685371;0.52;Anti-Horario;27523.28
741;646088;0.29;Horario;34459.99
852;443182;0.45;Horario;5422.13
963;813227;0.43;Anti-Horario;15901.13
753;841581;0.98;Horario;18336.15
951;711553;0.2;Anti-Horario;30365.8
456;382237;0.09;Horario;16140.77
123;744330;0.74;Horario;34990.25
654;423735;0.68;Anti-Horario;1919.52
987;781570;0.92;Anti-Horario;3414.58
798;660139;0.08;Anti-Horario;14362.13
147;572763;0.95;Horario;28929.6
258;873074;0.86;Anti-Horario;22770.66
369;495608;0.98;Anti-Horario;12639.22
741;466798;0;Anti-Horario;12536.21
852;597735;0.21;Anti-Horario;8034.41
963;655316;0.86;Anti-Horario;22027.63
753;402173;0.17;Anti-Horario;19713.75
951;730349;0.28;Horario;23841.54
654;371478;0.25;Horario;34048.41
987;525095;0.93;Horario;273.54
798;361053;0.39;Horario;19136.64
147;389453;0.75;Horario;18753.71
258;909559;0.24;Horario;18629.6
369;399655;0.21;Anti-Horario;7848.86
741;814432;0.56;Anti-Horario;7616
852;506549;0.81;Anti-Horario;14147.48
963;912692;0.45;Anti-Horario;8528.77
753;872685;0.03;Anti-Horario;17738.71
951;945521;0.35;Horario;9528.27
456;730570;0.15;Anti-Horario;30200.03
123;735902;0.25;Anti-Horario;33026.43
654;860124;0.87;Anti-Horario;2387.62
987;829556;0.73;Horario;32951.62
798;596969;0.99;Anti-Horario;34469.48
147;955658;1;Anti-Horario;30165.25
258;367597;0.36;Anti-Horario;22087.32
369;871481;0.83;Anti-Horario;1780.86
741;634841;0.06;Anti-Horario;21387.54
852;843755;0.91;Horario;15840.12
963;888210;0.84;Horario;212.47
753;480076;0.36;Horario;22333.49
951;919380;0.37;Anti-Horario;15237.66
456;866518;0.51;Anti-Horario;5342.9
123;451735;0.28;Horario;18390.35
654;810343;0.36;Horario;28960.76
987;474316;0.08;Horario;25709.46
798;984332;0.75;Horario;18435.56
147;609394;0.99;Horario;26436.75
258;421851;0.23;Anti-Horario;18325.96
369;666228;0.81;Anti-Horario;7807.09
741;619766;0.39;Anti-Horario;29784.7
852;959788;0.81;Anti-Horario;21214.96
963;869771;0.56;Horario;6332.71
753;782355;0.01;Horario;33151.24
951;633785;0.6;Horario;1637.55
456;554155;0.88;Horario;19933.81
123;958150;0.01;Anti-Horario;6327.32
654;471140;0.32;Horario;29048.37
987;475171;0.25;Horario;3852.69
798;654674;0.59;Anti-Horario;17556.12
147;707457;0.47;Anti-Horario;3415.66
258;383920;0.34;Anti-Horario;15674.09
369;634955;0.03;Anti-Horario;4560.51
741;897503;0.67;Anti-Horario;19206.47
852;528714;0.53;Anti-Horario;12409.82
963;643195;0.96;Anti-Horario;6313.28
753;905330;0.82;Anti-Horario;5008.91
951;415075;0.86;Anti-Horario;7297.49
654;552363;0.47;Horario;18273.16
654;447869;0.24;Horario;29427.61
987;665627;0.15;Horario;15991.49
798;692695;0.77;Horario;32498.74
147;372756;0.43;Horario;20438.69
258;805246;0.51;Horario;4857.02
369;823343;0.2;Horario;28167.28
741;656902;0.46;Anti-Horario;12459.95
852;655030;0.45;Anti-Horario;15841.88
963;782505;0.64;Anti-Horario;1873.86
753;392849;0.72;Horario;31043.25
951;597951;0.85;Anti-Horario;15556.01
456;787854;0.46;Horario;2534.57
123;485206;0.28;Anti-Horario;839.54
654;902198;0.78;Horario;34914.55
987;502165;0.32;Horario;29822.62
798;611679;0.03;Anti-Horario;30775.12
147;695833;0.09;Horario;6067.31
258;984198;0.54;Horario;33217.12
369;883390;0.79;Anti-Horario;29062.38
741;805169;0.33;Horario;1867.7
852;430939;0.91;Horario;34775.64
963;946995;0.91;Horario;17664.28
753;434302;0.79;Horario;15929.49
951;335688;0.63;Anti-Horario;21781.91
456;663840;0.41;Anti-Horario;3859.51
123;502946;0.87;Anti-Horario;27872.59
654;745355;0.17;Horario;26703.83
987;886545;0.89;Anti-Horario;13097.18
798;747946;0.42;Horario;12550.82
147;598787;0.93;Horario;14594.22
258;406259;0.95;Anti-Horario;12296.5
369;977787;0.05;Horario;26249.38
741;888082;0.39;Anti-Horario;26764.45
852;681167;0.91;Anti-Horario;17216.59
963;344628;0.92;Anti-Horario;30200.2
753;433904;0.77;Anti-Horario;4253.9
951;436571;0.21;Anti-Horario;11711.24
456;660361;0.84;Horario;34840.84
123;421634;0;Horario;17528.05
654;831072;0.9;Horario;28909.29
987;433920;0.78;Horario;8616.19
798;502159;0.27;Horario;1888.3
147;818940;0.29;Horario;2940.03
258;375552;0.01;Anti-Horario;33690.01
369;491996;0.12;Horario;28959.35
741;916196;0.17;Anti-Horario;30058.28
852;936320;0.68;Anti-Horario;25425.52
963;795041;0.06;Anti-Horario;15789.04
753;756597;0.5;Horario;30019.48
951;702505;0.12;Anti-Horario;31757.82
654;829487;0.64;Horario;27806.18
987;627191;0.23;Anti-Horario;23604.68
798;343186;0.96;Horario;18760.89
147;399709;0.91;Anti-Horario;31813.72
258;683626;0.6;Horario;4092.18
369;586442;0.02;Anti-Horario;31814.94
741;535947;0.54;Anti-Horario;3749.42
852;376916;0.69;Horario;14735.46
963;508480;0.5;Anti-Horario;12209.75
753;838210;0.74;Horario;15340.47
951;929249;0.88;Horario;27291.36
456;757907;0.32;Anti-Horario;19040.38
123;606211;0.8;Horario;33762.48
654;679319;0.73;Anti-Horario;31879.85
987;701382;0.33;Anti-Horario;11749.28
798;395559;0.38;Anti-Horario;34606.56
147;665493;0.93;Anti-Horario;6111.36
258;488055;0.67;Horario;16931.08
369;411334;0.41;Horario;1813.28
741;576589;0.16;Horario;7069.91
852;825592;0.06;Anti-Horario;20716.68
963;862025;0.28;Anti-Horario;23197.04
753;380786;0.33;Anti-Horario;29105.15
951;697911;0.56;Horario;26491.62
456;700417;0.75;Horario;27707.77
123;778240;0.62;Anti-Horario;12383.78
654;811492;0.02;Horario;12983.14
987;756499;0.79;Horario;20423.89
798;452476;0.96;Anti-Horario;27588.79
147;504523;0.87;Anti-Horario;12004.29
258;476967;0.94;Anti-Horario;2115.84
369;593412;0.41;Anti-Horario;5360.67
741;884211;0.38;Horario;20731.16
852;550681;0.83;Anti-Horario;16952.41
963;344846;0.59;Anti-Horario;168.25
753;722021;0.08;Anti-Horario;1902.35
951;523152;0.94;Horario;19810.89
456;591822;0.38;Anti-Horario;6747.39
123;345052;0.84;Anti-Horario;21939.87
654;424949;0.57;Anti-Horario;1828.25
987;480015;0.48;Horario;9354.27
798;721712;0.96;Horario;29458.47
147;918887;0.16;Horario;28653.27
258;761059;0.06;Anti-Horario;19967.54
369;623945;0.26;Horario;17016.06
741;383695;0.23;Horario;2334.4
852;894103;0.8;Horario;10430.29
963;795380;0.85;Horario;10165.72
753;634314;0.49;Horario;27396
951;617322;0.45;Anti-Horario;13404.83
951;610747;0.6;Horario;20260.92
654;456957;0.65;Horario;17892.08
987;614284;0.78;Anti-Horario;31841.12
798;878056;0.89;Horario;30040.55
147;917678;0.64;Horario;12794.27
258;492902;0.87;Anti-Horario;17497.77
369;780029;0.57;Horario;25963.22
741;619175;0.78;Horario;11558.58
852;323771;0.4;Horario;13445.02
963;760717;0.92;Anti-Horario;30592.64
753;794228;0.69;Horario;32899.57
951;498238;0.17;Horario;32348.63
456;591773;0.16;Horario;18903.92
123;619846;0.73;Anti-Horario;29173.44
654;792005;0.63;Horario;12267.14
987;467294;0.86;Horario;25669.79
798;821348;0.56;Horario;27189.49
147;537805;0.2;Anti-Horario;1850
258;671327;0.49;Anti-Horario;21530.62
369;701247;0.02;Horario;7041.37
741;840944;0.81;Horario;18135.77
852;656373;0.8;Anti-Horario;30130.25
963;769865;0.74;Anti-Horario;33035.39
753;915162;0.97;Anti-Horario;23797.87
951;955902;0.17;Anti-Horario;570.24
456;368569;0.25;Anti-Horario;2673.13
123;389240;0.26;Anti-Horario;16222.54
654;688606;0.5;Horario;1949.6
987;755829;0.46;Anti-Horario;2779.51
798;345056;0.43;Anti-Horario;21895.69
147;838447;0.16;Horario;9631.94
258;691770;0.46;Anti-Horario;17214.9
369;468315;0.94;Horario;16442.74
741;919377;0.87;Anti-Horario;17465.31
852;617000;0.14;Horario;8497.49
963;673597;0.26;Horario;20121.24
753;600820;0.08;Horario;11267.39
951;935579;0.47;Horario;848.1
456;858534;0.29;Horario;12010.23
123;939925;0.93;Anti-Horario;33578.92
654;570443;0.39;Anti-Horario;15386.5
987;579717;0.68;Anti-Horario;5791.91
798;723861;0.82;Anti-Horario;26299.72
147;375024;0.32;Horario;21621.49
258;784541;0.77;Anti-Horario;18915.27
369;821020;0.34;Horario;26742.25
741;357977;0.57;Anti-Horario;10368.18
852;569622;0.12;Anti-Horario;5999.09
963;771867;0.93;Anti-Horario;12036.66
753;575090;0.86;Anti-Horario;2412.77
951;870231;0.52;Horario;10363.42
654;338327;0.07;Anti-Horario;525.15
987;513013;0.07;Anti-Horario;34382.39
798;662783;0.51;Anti-Horario;32455.14
147;972299;0.57;Horario;11670.31
258;341433;0.96;Anti-Horario;17448.74
369;384125;0.68;Anti-Horario;7317.08
741;882259;0.61;Anti-Horario;23529.18
852;651562;0.27;Anti-Horario;28790.42
963;407034;0.83;Horario;8611.22
753;849540;0.8;Anti-Horario;12345.94
951;479305;0.68;Horario;21777.29
456;951749;0.81;Anti-Horario;33610.97
123;565602;0.48;Horario;33054.84
654;935189;0.46;Horario;2482.2
987;724468;0.12;Anti-Horario;2689.56
798;547021;0.75;Horario;31619.73
147;447105;0.07;Anti-Horario;32816.52
258;738134;0.03;Anti-Horario;23401.09
369;758323;0.64;Anti-Horario;10315.47
741;610681;0.23;Horario;34582.76
852;454390;0.5;Horario;34811.82
963;945153;0.43;Horario;15465.19
753;957245;0.91;Anti-Horario;13212.73
951;618646;0.35;Horario;3231.83
456;638866;0.55;Anti-Horario;34763.44
123;514814;0.95;Anti-Horario;8459.3
654;913367;0.31;Horario;34654.13
987;343245;0.28;Anti-Horario;26743.91
798;359862;0.33;Horario;24620.7
147;914126;0.7;Anti-Horario;1337.18
258;829755;0.42;Horario;3149.33
369;657939;0.65;Anti-Horario;19308.94
741;375059;0.45;Horario;17969.34
852;822940;0.8;Anti-Horario;2409.85
963;483538;0.33;Anti-Horario;13443.72
753;955314;0.76;Horario;33095.39
951;868219;0.26;Anti-Horario;16946.07
456;563736;0.91;Anti-Horario;2225.78
123;337848;0.43;Anti-Horario;13877.19
654;887492;0.25;Horario;24709.79
987;325338;0.49;Horario;18704.09
798;868125;0.04;Horario;14766.86
147;832179;0.31;Anti-Horario;11650.4
258;830647;0.44;Anti-Horario;6300.31
369;798655;0.8;Horario;11635.85
741;909256;0.41;Horario;4052.54
852;373180;0.86;Horario;12416.21
963;579295;0.58;Horario;2694.23
753;948359;0.85;Horario;20738.47
951;641464;0.97;Horario;33136.7
987;568344;0.54;Anti-Horario;28938.89
654;343133;0.66;Horario;25313.61
987;725559;0.59;Horario;23591.89
798;371107;0.85;Anti-Horario;31924.11
147;354380;0.86;Anti-Horario;25546.39
258;615786;0.52;Horario;22833.6
369;472558;0.93;Anti-Horario;11310.01
741;586790;0.09;Horario;31808.98
852;730981;0.35;Anti-Horario;34440.2
963;794921;0.42;Horario;3403.94
753;828974;0.56;Horario;3936.45
951;448327;0.96;Horario;6994.53
456;726472;0.43;Horario;24395.95
123;522575;0.52;Anti-Horario;23277.99
654;831314;0.64;Anti-Horario;27007.58
987;694997;0.29;Horario;26936.07
798;366171;0.67;Anti-Horario;25826.62
147;611175;0.6;Anti-Horario;5088.41
258;580677;0.31;Horario;25952.04
369;390363;0.34;Anti-Horario;32826.24
741;911703;0.86;Anti-Horario;12372.25
852;566093;0.95;Horario;23986.67
963;977363;1;Horario;103.78
753;396683;0.33;Horario;8382.67
951;574076;0.06;Horario;16825.82
456;495605;0.39;Anti-Horario;5813.11
123;770359;0.53;Horario;8079.3
654;762124;0.19;Anti-Horario;19289.91
987;865357;0.38;Anti-Horario;3595.83
798;681958;0.17;Horario;33867.41
147;972354;0.41;Horario;5905.83
258;749348;0.19;Anti-Horario;28866.47
369;766242;0.72;Horario;23089.65
741;974838;0.4;Anti-Horario;22110.26
852;920191;0.34;Anti-Horario;28119.28
963;754883;0.57;Anti-Horario;4295.13
753;589316;0.06;Horario;10672.51
951;974802;0.89;Anti-Horario;3781.93
456;638853;0.3;Horario;5463.81
123;350561;0.76;Horario;33110.09
654;481247;0.2;Anti-Horario;30838.07
987;633145;0.44;Horario;29403.55
798;812719;0.59;Horario;9137.99
147;512162;0.88;Anti-Horario;10386.59
258;932798;0.16;Anti-Horario;20126.19
369;500010;0.53;Anti-Horario;1502.61
741;395651;0.64;Horario;25784.6
852;476418;0.93;Anti-Horario;9284.67
963;346458;0.75;Anti-Horario;20153.04
753;651590;0.53;Anti-Horario;26303
951;947286;0.71;Anti-Horario;16932.12
654;752044;0.22;Anti-Horario;34814.23
987;347178;0.52;Anti-Horario;30968.35
798;721823;0.8;Anti-Horario;17779.4
147;650849;0.26;Horario;5874.24
258;483585;0.88;Horario;5840.84
369;915237;0.78;Anti-Horario;2186.19
741;399139;0.39;Horario;29041.35
852;466543;0.23;Anti-Horario;30194.63
963;438021;0.85;Anti-Horario;23851.06
753;788936;0.79;Horario;14024.63
951;713144;0.26;Anti-Horario;662.2
456;923929;0.01;Horario;26525.76
123;706786;0.06;Anti-Horario;4066.25
654;499600;0.48;Anti-Horario;4697.98
987;786255;0.53;Horario;31705.01
798;440881;0.13;Anti-Horario;18426.54
147;815550;0.74;Horario;5778.19
258;787017;0.26;Anti-Horario;9309.74
369;543097;0.66;Horario;20383.3
741;560812;0.21;Anti-Horario;9521.18
852;882305;0.32;Horario;26626.42
963;339930;0.05;Horario;18041.55
753;712887;0.27;Anti-Horario;30623.21
951;696663;0.78;Horario;22088.99
456;435346;0.44;Anti-Horario;32985.01
123;613174;0.6;Anti-Horario;29067.25
654;464227;0.8;Horario;11380.45
987;934565;0.02;Anti-Horario;14655.68
798;626981;0.14;Horario;31643.66
147;700057;0.44;Anti-Horario;14460.24
258;903943;0.61;Anti-Horario;30387.34
369;447453;0.24;Anti-Horario;32071.59
741;800660;0.41;Anti-Horario;4335.42
852;520783;0.46;Anti-Horario;30402.32
963;788099;0.83;Horario;34620.9
753;650599;0.65;Horario;5606.95
951;868490;0.33;Anti-Horario;33108.05
456;947651;0.8;Horario;6676.4
123;446438;0.83;Horario;19553.71
654;775608;0.62;Horario;5050.16
987;876210;0.59;Anti-Horario;27452.29
798;379826;0.04;Anti-Horario;15372.43
147;719770;0.87;Horario;30593.11
258;837091;0.25;Anti-Horario;4470.27
369;777440;0.83;Anti-Horario;21571.82
741;547423;0.8;Horario;30461.71
852;488493;0.5;Anti-Horario;28451.76
963;805055;0.1;Anti-Horario;6693.36
753;714766;1;Horario;26456.02
951;679906;0.77;Horario;25951.72
654;462045;0.42;Anti-Horario;16961.75
987;970166;0.93;Anti-Horario;2768.31
798;843784;0.85;Anti-Horario;1758.95
147;722583;0.89;Anti-Horario;2248.55
258;769476;0.51;Anti-Horario;7989.72
369;733312;0.85;Horario;3096.87
741;874951;0.82;Horario;2215.5
852;844630;0.15;Horario;21644.9
963;972837;0.38;Anti-Horario;26133.63
753;524531;0.97;Horario;33084.38
951;834882;0.2;Horario;3796.83
456;507210;0.42;Anti-Horario;30561.71
123;553427;0.94;Anti-Horario;34591.78
654;776077;0.61;Horario;264.37
987;416189;0.09;Anti-Horario;16242.11
798;746307;0.64;Horario;10904.3
147;364324;1;Horario;11852
258;982871;0.06;Horario;24795.59
369;386242;0.64;Anti-Horario;27804.21
741;472033;0.65;Horario;22899.42
852;619463;0.42;Anti-Horario;18076.57
963;373683;0.07;Anti-Horario;770.95
753;650557;0.31;Horario;12941.73
951;393805;0.89;Horario;5436.69
456;423981;0.63;Horario;9609.07
123;983449;0.71;Anti-Horario;32576.88
654;855089;0.33;Anti-Horario;21321.59
987;476736;0.27;Horario;23787.13
798;876363;0.32;Anti-Horario;34618.19
147;716961;0.52;Horario;29451
258;798317;0.8;Anti-Horario;18723.25
369;847067;0.24;Horario;21754.94
741;674011;0.34;Horario;4194.83
852;690538;0.93;Anti-Horario;12157.56
963;483909;0.7;Anti-Horario;25460.19
753;686088;0.82;Anti-Horario;485.72
951;801489;0.02;Horario;1057.95
456;735422;0.91;Horario;21844.1
123;874162;0.07;Horario;3239.36
654;775765;0.88;Horario;15673.13
987;906532;0.9;Horario;34078.53
798;725420;0.37;Horario;23728.64
147;714406;0.51;Horario;20123.78
258;614584;0.74;Anti-Horario;29564
369;496981;0.86;Anti-Horario;24653.05
741;605578;0.31;Anti-Horario;20399.76
852;545842;0.41;Horario;13111.18
963;328359;0.69;Horario;24686.52
753;337190;0.39;Horario;18466.34
951;767894;0.19;Horario;21334.94
654;419650;0.03;Anti-Horario;31265.3
987;563918;0.66;Horario;18133.49
798;814453;0.71;Horario;17595.71
147;890122;0.61;Anti-Horario;24093.93
258;346030;0.7;Anti-Horario;30947.7
369;733417;0.27;Horario;33866.89
741;914372;0.28;Anti-Horario;30269.65
852;967552;0.9;Horario;24934.8
963;898725;0.77;Horario;29831.55
753;680439;0.2;Anti-Horario;24283.83
951;653263;0.82;Anti-Horario;2093.4
456;823279;0.31;Anti-Horario;33593.62
123;794924;0.92;Anti-Horario;34550.88
654;522464;0.74;Anti-Horario;2298.56
987;772910;0.31;Horario;12113.69
798;380399;0.83;Anti-Horario;25560.1
147;960215;0.18;Anti-Horario;16812.45
258;675433;0.57;Horario;4793.29
369;949394;0.55;Horario;16160.8
741;956385;0.08;Horario;22020.67
852;427901;0.27;Anti-Horario;22763.61
963;828500;0.37;Horario;18803.73
753;886821;0.71;Horario;29149.51
951;681029;0.59;Horario;3443.72
456;374273;0.43;Horario;20580.1
123;913470;0.26;Anti-Horario;3895.1
654;983049;0.02;Anti-Horario;31506.47
987;631453;0.15;Anti-Horario;1521.56
798;817590;0.29;Anti-Horario;32513.66
147;624407;0.58;Horario;22274.54
258;734944;0.41;Anti-Horario;24860.01
369;547321;0.51;Horario;34447.29
741;559261;0.62;Anti-Horario;6220.14
852;899948;0.83;Horario;14287.42
963;665194;0.76;Horario;5888.64
753;902904;0.72;Anti-Horario;31934.33
951;794588;0.59;Horario;5401.47
456;625263;0.39;Anti-Horario;27998.44
123;721895;0.49;Horario;31412.83
654;558606;0.44;Horario;13471.41
987;457910;0.91;Horario;17157.78
798;635359;0.36;Anti-Horario;1175.63
147;655122;0.71;Anti-Horario;24067.16
258;367998;0.62;Anti-Horario;21083.1
369;978266;0.71;Anti-Horario;25581.68
741;420947;0.57;Horario;32948.49
852;772861;0.08;Anti-Horario;23788.62
963;474707;0.69;Anti-Horario;21269
753;549746;0.7;Anti-Horario;34972.57
951;532784;0.75;Horario;26588.32
654;827119;0.99;Anti-Horario;32449.25
654;597511;0.31;Horario;23272.97
987;665765;0.11;Horario;32631.1
798;516862;0.21;Anti-Horario;18701.91
147;642525;0.82;Anti-Horario;18903.04
258;408896;0.28;Horario;12843.29
369;585314;0.9;Horario;18593
741;718220;0.65;Horario;26953.22
852;666229;0.11;Horario;26143
963;754097;0.05;Horario;12547.6
753;745115;0.47;Anti-Horario;33447.68
951;768990;0.71;Anti-Horario;7761.37
456;737297;0.12;Horario;13606.49
123;568836;0.61;Anti-Horario;17613.54
654;330977;0.76;Horario;29913.79
987;381882;0.2;Horario;24198.47
798;563937;0.9;Anti-Horario;31311.02
147;852756;0.33;Horario;2164.18
258;497471;0.14;Anti-Horario;15988.5
369;849921;0.44;Horario;22406.22
741;714481;0.99;Anti-Horario;23016.62
852;436002;0.12;Anti-Horario;13538.59
963;805131;0.97;Anti-Horario;26752.44
753;576124;0.66;Anti-Horario;25561.65
951;546655;0.31;Horario;13992.35
456;591575;0.22;Anti-Horario;30887.36
123;331248;0.09;Horario;18048.51
654;906241;0.09;Anti-Horario;30173.73
987;938479;0.47;Anti-Horario;23825.15
798;586525;0.35;Horario;12010.59
147;865812;0.52;Horario;28154.3
258;456892;0.28;Anti-Horario;8018.54
369;614503;0.03;Anti-Horario;21168.31
741;535469;0.82;Anti-Horario;3871.81
852;921113;0.89;Horario;34720.64
963;529500;0.3;Horario;14185.5
753;649604;0.13;Horario;27502.87
951;695363;0.46;Anti-Horario;5343.68
456;729100;0.92;Anti-Horario;27635.29
123;563164;0.57;Anti-Horario;10035.01
654;529100;0.54;Horario;15085.15
987;581487;0.05;Horario;26013.39
798;964984;0.57;Horario;12280.06
147;368793;0.2;Horario;27620.13
258;946887;0.98;Anti-Horario;30750.4
369;342375;0.19;Horario;10426.91
741;885558;0.72;Horario;8417.71
852;702225;0.27;Anti-Horario;32544.77
963;663240;0.13;Horario;27434.36
753;807179;0.29;Anti-Horario;34455.81
951;696010;0.22;Anti-Horario;15458.75
654;467864;0.81;Anti-Horario;26982.15
987;461751;0.16;Horario;16260.3
798;344793;0.17;Anti-Horario;12047.6
147;360934;0.95;Horario;26987.09
258;401435;0.56;Horario;22476.34
369;821341;0.87;Horario;20711.88
741;886085;0.82;Anti-Horario;34231.84
852;738089;0.7;Anti-Horario;17353.58
963;535879;0.35;Anti-Horario;6159.15
753;908709;0.19;Anti-Horario;6430.36
951;511940;0.71;Horario;23203.98
456;491217;0.04;Horario;22646.89
123;597826;0.28;Anti-Horario;114.07
654;725061;0.93;Horario;30808.84
987;541533;0.77;Horario;7979.48
798;592788;0.91;Anti-Horario;23479.06
147;802942;0.58;Horario;30378.82
258;788611;0.97;Anti-Horario;15627.5
369;690821;0.97;Horario;25676.76
741;747935;0.96;Anti-Horario;19271.21
852;772067;0.04;Horario;4609.39
963;681828;0.02;Horario;22978.5
753;612386;0.03;Anti-Horario;1297.39
951;540648;0.67;Anti-Horario;32459.64
456;879634;0.82;Anti-Horario;9519.82
123;940185;0.3;Horario;30212.89
654;836172;0.87;Horario;21150.75
987;371533;0.61;Anti-Horario;15475.41
798;695684;0.88;Anti-Horario;28226.33
147;638454;0.96;Horario;27314.39
258;654288;0.41;Horario;6352.27
369;979901;0.59;Horario;28156.38
741;855938;0.12;Anti-Horario;4059.83
852;881738;0.77;Anti-Horario;33382.51
963;933437;0.89;Horario;16374.78
753;378520;0.44;Anti-Horario;11523.12
951;730753;0.49;Horario;27486.73
456;685013;0.99;Anti-Horario;25224.03
123;925109;0.19;Anti-Horario;10656.01
654;667742;0.3;Horario;1104.27
987;781034;0.79;Anti-Horario;1643.28
798;627297;0.83;Anti-Horario;16802.45
147;708569;0.52;Horario;31056.75
258;501456;0.73;Anti-Horario;24633.1
369;501448;0.06;Horario;8176.74
741;334852;0.74;Anti-Horario;29112.59
852;324041;0.83;Horario;10018.31
963;345621;0.41;Horario;4980.94
753;381367;0.91;Anti-Horario;9792.52
951;691855;0.66;Anti-Horario;11219.88
951;552057;0.84;Anti-Horario;33681.69
654;325484;0.42;Anti-Horario;5922.88
987;342317;0.47;Anti-Horario;31116.34
798;431028;0.99;Anti-Horario;25137.73
147;374994;0.74;Horario;7479.01
258;860783;0.53;Horario;5581.17
369;896115;0.47;Anti-Horario;4638.49
741;851573;0.77;Horario;34558.13
852;941515;0.9;Anti-Horario;29783.08
963;832690;0.66;Horario;25175.02
753;715396;0.3;Anti-Horario;17820.15
951;448149;0.93;Anti-Horario;14584.86
456;983432;0.24;Anti-Horario;33295.04
123;335435;0.44;Anti-Horario;24292.98
654;935184;0.46;Anti-Horario;1650.3
987;522192;0.79;Horario;7334.01
798;429413;0.86;Horario;32607.43
147;557068;0.21;Horario;3443.84
258;466644;0.94;Anti-Horario;34437.1
369;902076;0.64;Horario;2439.59
741;430778;0.25;Horario;30869.33
852;756051;0.68;Horario;24268.87
963;925017;0.95;Anti-Horario;6632.12
753;486733;0.03;Horario;29982.82
951;520606;0.23;Anti-Horario;13179.35
456;874326;0.64;Anti-Horario;711.01
123;556090;0.42;Anti-Horario;29826.4
654;323891;0.25;Anti-Horario;34516.64
987;602602;0.19;Horario;1964.24
798;630742;0.47;Horario;3055.36
147;753305;0.87;Horario;20028.84
258;624278;0.85;Horario;30558.74
369;571623;0.44;Horario;28688.15
741;423608;0.42;Horario;22362.62
852;630971;0.46;Anti-Horario;20529.88
963;679845;0.27;Horario;19250.75
753;543451;0.99;Horario;28626.52
951;685960;0.76;Anti-Horario;23678.91
456;707747;0.97;Horario;4945.36
123;985433;0.01;Horario;9743.04
654;804551;0.99;Anti-Horario;9114.94
987;413538;0.17;Horario;16757.01
798;346375;0.59;Anti-Horario;7233.38
147;863363;0.6;Horario;5802.37
258;801061;0.93;Anti-Horario;6953.75
369;949665;0.64;Anti-Horario;13986.92
741;921561;0.45;Horario;13614.03
852;895337;0.08;Horario;5507.42
963;831449;0.22;Horario;1273.71
753;521896;0.43;Anti-Horario;4817.79
951;682213;0.64;Horario;14863.61
654;679746;0.19;Horario;9673.01
987;734970;0.88;Anti-Horario;26637.69
798;631213;0.06;Horario;33169.55
147;776452;0.18;Horario;4683.75
258;724573;0.48;Anti-Horario;24434.34
369;825432;0.3;Anti-Horario;24735.93
741;646193;0.83;Anti-Horario;17769.27
852;407158;0.31;Horario;30053.78
963;921504;0.9;Anti-Horario;20545.72
753;450113;0.91;Horario;17908.98
951;570201;0.48;Horario;1826.01
456;544017;0.41;Anti-Horario;5401.47
123;391900;0.67;Horario;30819.75
654;390992;0.02;Horario;19154.62
987;707892;0.11;Anti-Horario;2855.83
798;876603;0.41;Anti-Horario;27546.77
147;940646;0.13;Horario;7026.88
258;705334;0.46;Anti-Horario;15472.47
369;986959;0.69;Anti-Horario;29819.48
741;473570;0.27;Anti-Horario;16321.74
852;959497;0.64;Anti-Horario;30725.4
963;700155;0.19;Horario;15135.93
753;367374;0.53;Horario;26833.88
951;489213;0.65;Horario;32006.26
456;437763;0.43;Horario;9144.91
123;916151;0.34;Horario;19266.62
654;599270;0.89;Anti-Horario;30413.31
987;902938;0.11;Horario;14189.37
798;476970;0.17;Anti-Horario;14104.84
147;461656;0.44;Horario;5067.41
258;869598;0.76;Horario;6854.28
369;897940;0.51;Horario;33933.79
741;465023;0.34;Horario;29995.45
852;515123;0.04;Anti-Horario;4536.96
963;947669;0.41;Horario;27601.98
753;512014;0.69;Anti-Horario;11889.13
951;481926;0.93;Horario;10717.43
456;655861;0.63;Anti-Horario;23954.05
123;646464;0.48;Horario;16793.61
654;572470;0.68;Horario;32145.95
987;439407;0.81;Anti-Horario;26940.13
798;684394;0.79;Horario;15040.29
147;545227;0.05;Horario;4998.46
258;349638;0.16;Anti-Horario;8685.54
369;653527;0.69;Horario;7823.07
741;355760;0.09;Anti-Horario;13965.78
852;695545;0.94;Anti-Horario;3895.72
963;388278;0.55;Horario;32409.98
753;630905;0.01;Anti-Horario;26781.81
951;502108;0.49;Horario;1006.92
987;740158;0.5;Horario;18237.23
654;605272;0.97;Horario;16858.19
987;728714;0.96;Anti-Horario;9916.25
798;785986;0.59;Anti-Horario;4814.02
147;845881;0.66;Anti-Horario;30869.69
258;740883;0.11;Anti-Horario;19194.58
369;658955;0.85;Horario;19980.41
741;759398;0.78;Anti-Horario;31789.04
852;708766;0.19;Anti-Horario;1287.85
963;912824;0.46;Anti-Horario;6030.12
753;740005;0.11;Horario;31532.12
951;839243;0.75;Horario;3135.84
456;622494;0.42;Anti-Horario;18083.36
123;594347;0.24;Horario;16605.04
654;387535;0.83;Anti-Horario;12270.27
987;534085;0.91;Horario;4268.88
798;446032;0.97;Horario;9357.86
147;920092;0.75;Horario;14736.04
258;880403;0.94;Horario;34166.87
369;966867;0.12;Anti-Horario;3556.69
741;405318;0.24;Horario;4692.92
852;474448;0.49;Horario;16228.04
963;322740;0.76;Horario;15563.22
753;906983;0.65;Horario;490.31
951;827107;0.66;Anti-Horario;14057.31
456;953538;0.65;Horario;7017.39
123;540912;0.09;Horario;27434.67
654;360136;0.16;Anti-Horario;31483.84
987;443864;0.67;Anti-Horario;3219.54
798;543643;0.3;Anti-Horario;14678.03
147;322808;0.86;Horario;4181.36
258;672993;0.61;Horario;8629.42
369;809863;0.3;Anti-Horario;32689.95
741;875924;0.76;Anti-Horario;6005.93
852;585631;0.22;Horario;2544.21
963;384555;0.12;Anti-Horario;6678.64
753;949894;0.51;Horario;21373.57
951;335190;0.53;Anti-Horario;26850.94
456;388730;0.64;Horario;18453.55
123;899404;0.14;Horario;5458.82
654;854399;0.77;Anti-Horario;27443.59
987;780125;0.96;Horario;30735.13
798;604910;0.68;Horario;18624.12
147;885618;0.42;Horario;14563.85
258;969703;0.88;Anti-Horario;26540.24
369;669519;0.19;Horario;27621.36
741;449646;0.18;Anti-Horario;5556.4
852;592452;0.31;Anti-Horario;20905.13
963;848472;0.06;Anti-Horario;8301.82
753;427115;0.22;Anti-Horario;11278.65
951;753117;0.41;Anti-Horario;14318.24
654;645821;0.58;Anti-Horario;17960.71
987;771235;0.26;Horario;24217.07
798;778236;0.76;Horario;9612.44
147;322258;0.08;Horario;5140.68
258;839916;0.78;Anti-Horario;23171.43
369;572166;0.38;Horario;19028.11
741;983783;0.28;Horario;26170.94
852;715909;0.64;Anti-Horario;28327.1
963;886460;0.36;Horario;2084.76
753;922568;0.86;Horario;19882.04
951;504582;0.86;Anti-Horario;16194.02
456;345053;0.51;Anti-Horario;2382.02
123;973005;0.78;Horario;21333.71
654;658251;0.06;Horario;1451.23
987;739596;0.24;Horario;9638.74
798;689677;0.47;Anti-Horario;3716.51
147;674079;0.97;Horario;13154.95
258;815362;0.01;Horario;2339.37
369;682755;0.4;Horario;30219.21
741;572382;0.94;Anti-Horario;23143.46
852;688090;0.07;Anti-Horario;5730.47
963;363625;0.69;Horario;30800.18
753;774765;0.3;Horario;24906.02
951;877807;0.73;Horario;20462.93
456;591429;0.58;Anti-Horario;20473.19
123;765963;0.1;Horario;33451.19
654;888662;0.83;Horario;16699.75
987;490843;0.24;Horario;8208.58
798;525828;0.43;Horario;16168.92
147;568733;0.5;Anti-Horario;34098.02
258;493506;0.73;Anti-Horario;16241.59
369;330377;0.16;Horario;17654.06
741;329230;0.53;Anti-Horario;23182.8
852;964389;0.03;Anti-Horario;9509.21
963;902288;0.44;Anti-Horario;7649.2
753;597281;0.68;Horario;29593.69
951;683269;0.6;Anti-Horario;16997.96
456;500566;0.64;Horario;27883.9
123;785422;0.99;Anti-Horario;10262.97
654;507217;0.93;Anti-Horario;22012.14
987;702136;0.14;Anti-Horario;20140.29
798;465462;0.26;Horario;21590.94
147;870670;0.64;Anti-Horario;30312.01
258;572365;0.94;Horario;22789.98
369;642045;0.31;Horario;12329.41
741;735261;0.52;Anti-Horario;33320.97
852;922339;0.26;Anti-Horario;1025.36
963;748723;0.9;Anti-Horario;10989.62
753;342624;0.34;Anti-Horario;19498.9
951;505579;0.13;Anti-Horario;9464.63
654;350579;0.53;Anti-Horario;21276.14
987;961168;0.87;Anti-Horario;3047.94
798;963918;0.71;Horario;2602.01
147;648904;0.39;Anti-Horario;2303.83
258;578352;0.77;Anti-Horario;7372.2
369;872431;0.32;Anti-Horario;10987.34
741;339609;0.91;Anti-Horario;349.87
852;669676;0.8;Horario;21852.36
963;957925;0.61;Anti-Horario;25974.84
753;489858;0.76;Anti-Horario;21019.43
951;976390;0.6;Anti-Horario;34608.13
456;529292;0.44;Anti-Horario;11235.25
123;476571;0.74;Horario;895.94
654;893638;0.98;Anti-Horario;1324.46
987;872611;0.44;Horario;6750.07
798;698195;0.95;Anti-Horario;10924.78
147;940998;0.23;Horario;11029.34
258;473391;0.47;Horario;16615.28
369;911005;0.46;Anti-Horario;33233
741;474757;0.73;Horario;13722.48
852;679015;0.04;Anti-Horario;902.9
963;711624;0.78;Anti-Horario;13924.06
753;887893;0.46;Horario;986.86
951;485721;0;Anti-Horario;1601.61
456;448933;0.13;Anti-Horario;11752.16
123;844417;0.99;Horario;32787.65
654;717066;0.8;Horario;26372.33
987;903519;0.13;Anti-Horario;19357.19
798;713664;0.07;Anti-Horario;18796
147;845716;0.55;Anti-Horario;24989.21
258;436691;0.07;Anti-Horario;11410.84
369;947124;0.3;Anti-Horario;183.98
741;493204;0.06;Horario;27907.43
852;801232;0.75;Anti-Horario;16896.91
963;615660;0.41;Horario;9618.84
753;640002;0.4;Horario;4958.2
951;753694;0.47;Horario;13286.98
456;811802;0.07;Anti-Horario;33985.35
123;403457;0.84;Anti-Horario;16384.68
654;774584;0.73;Horario;30728.21
987;795209;0.2;Anti-Horario;25664.43
798;387703;0.13;Anti-Horario;19406.98
147;926724;0.48;Anti-Horario;21994.97
258;436287;0.38;Anti-Horario;837.13
369;957166;0.41;Horario;9001.7
741;963105;0.66;Horario;19930.39
852;615196;0.42;Anti-Horario;31867.6
963;802929;0.54;Horario;21548.98
753;637716;0.6;Anti-Horario;7063.18
951;408654;0.52;Horario;16678.25
654;852706;0.72;Horario;30177.39
987;600276;0.61;Horario;11943.09
798;368030;0.68;Horario;17868.8
147;420766;0.38;Anti-Horario;28419.3
258;860144;0.97;Horario;20941.72
369;339643;0.1;Anti-Horario;23454.51
741;908174;0.67;Anti-Horario;28837.2
852;911395;0.08;Anti-Horario;14844.92
963;965494;0.91;Anti-Horario;24466.75
753;755509;0.1;Horario;27895.87
951;845379;0.32;Horario;4515.37
456;692804;0.92;Anti-Horario;13303.54
123;925980;0.91;Horario;15539.75
654;975543;0.21;Horario;3169.3
987;728545;0.73;Anti-Horario;3821.2
798;700928;0.18;Anti-Horario;6013.69
147;865236;0.15;Anti-Horario;4058.76
258;918975;0.59;Anti-Horario;33940.61
369;691991;0.83;Anti-Horario;10090.96
741;868516;0.59;Horario;17563.94
852;984112;0.68;Horario;22570.09
963;647270;0.9;Horario;3033.61
753;468308;0.85;Horario;28515.81
951;468553;0.72;Anti-Horario;20009.83
456;494799;0.17;Anti-Horario;21206.73
123;505951;0.34;Anti-Horario;12208.29
654;539633;0.51;Anti-Horario;15405.06
987;700289;0.11;Anti-Horario;26612.3
798;703512;0.21;Horario;16413.98
147;793547;0.98;Anti-Horario;10823.53
258;426313;0.43;Anti-Horario;25048.22
369;433946;0.6;Anti-Horario;10801.95
741;441434;0.45;Horario;26974.73
852;652341;0.9;Horario;14288.39
963;950633;0.06;Anti-Horario;7641.22
753;730173;0.64;Anti-Horario;13720.39
951;675278;0.15;Anti-Horario;10516.51
456;736735;0.85;Horario;14189.11
123;912719;0.41;Anti-Horario;7581.36
654;707999;0.98;Horario;1821.25
987;486488;0.42;Horario;13639.23
798;418806;0.6;Horario;28807.31
147;951709;0.04;Horario;13884.94
258;824912;0.02;Anti-Horario;31218.51
369;970332;0.79;Horario;13609.74
741;608477;0.9;Anti-Horario;26309.22
852;817986;0.09;Anti-Horario;3620.37
963;845234;0.76;Horario;2443.03
753;574868;0.44;Anti-Horario;4079.44
951;870975;0.34;Horario;10366.29
654;978760;0.4;Anti-Horario;4737.92
654;636223;0.77;Horario;3733.73
987;878682;0.32;Anti-Horario;1999.38
798;529226;0.75;Anti-Horario;18568.63
147;980589;0.71;Horario;16067.25
258;383460;0.3;Anti-Horario;32693.58
369;569150;0.15;Anti-Horario;28315.8
741;539501;0.62;Horario;13265.05
852;906743;0.23;Horario;21225.32
963;464918;0.58;Anti-Horario;14796.91
753;842942;0.99;Anti-Horario;28433.39
951;662483;0.73;Anti-Horario;29358.04
456;826790;0.14;Anti-Horario;20657.49
123;410165;0.39;Anti-Horario;32367.89
654;904028;0.36;Anti-Horario;23465.29
987;438305;0.78;Anti-Horario;27427.56
798;425043;0.69;Horario;18509.85
147;356391;0.56;Anti-Horario;10961.27
258;776047;0.2;Horario;16079.09
369;887210;0.22;Horario;30912.49
741;805425;0.63;Horario;11329.09
852;538466;0.85;Anti-Horario;30218.13
963;955526;0.01;Anti-Horario;15720.33
753;953572;0.06;Anti-Horario;34489.99
951;716736;0.94;Anti-Horario;24367.25
456;472216;0.41;Anti-Horario;19808.03
123;519479;0.56;Horario;24694.8
654;803604;0.78;Anti-Horario;5201.86
987;391453;0.11;Horario;17609.1
798;769902;0.11;Horario;24722.05
147;467130;0.26;Horario;32413.3
258;464522;0.46;Anti-Horario;19584.26
369;634187;0.24;Horario;20414.22
741;418863;0.77;Horario;12214.49
852;753136;0.65;Anti-Horario;9503.79
963;355663;0.18;Anti-Horario;21740.52
753;946302;0.54;Anti-Horario;8458.46
951;710693;0.21;Horario;34759.07
456;908135;0.23;Horario;10692.28
123;731703;0.22;Anti-Horario;31176.85
654;590680;0.69;Horario;33307.46
987;743610;0.21;Horario;10052.52
798;511070;0.3;Anti-Horario;13972.17
147;918762;0.68;Anti-Horario;6217.14
258;478160;0.44;Anti-Horario;21021.92
369;640310;0.93;Anti-Horario;26614.22
741;892162;0.6;Horario;24857.4
852;330124;0.58;Horario;23673.27
963;869806;0.94;Anti-Horario;5453.08
753;525211;0.35;Anti-Horario;1247.05
951;617473;0.42;Horario;11773.36
654;944587;0.54;Horario;21028.47
987;861370;0.66;Horario;27330.03
798;881885;0.88;Anti-Horario;288.22
147;913679;0.32;Anti-Horario;33733.76
258;522476;0.72;Horario;24081.78
369;743907;0.11;Horario;25113.89
741;689899;0.8;Horario;30115.98
852;896724;0.65;Horario;28284.89
963;726666;0.35;Anti-Horario;16888.73
753;434432;0.1;Horario;29573.06
951;816171;0.16;Horario;23699.26
456;783176;0.46;Horario;8563.8
123;615293;0.65;Horario;18920.31
654;399238;0.21;Horario;3708.06
987;787258;0.12;Horario;17564.35
798;402766;0.76;Anti-Horario;13411.52
147;338471;0.78;Horario;16864
258;383862;0.78;Horario;15924.18
369;731213;0.12;Anti-Horario;26803.92
741;971034;0.14;Horario;6901.43
852;514866;0.72;Horario;34884.92
963;631894;0.88;Horario;25353.29
753;335653;0.24;Anti-Horario;7605.8
951;639280;0.01;Horario;11008.19
456;651985;0.77;Horario;267.77
123;734347;0.81;Horario;21497.6
654;877298;0.62;Anti-Horario;7988.82
987;368361;0.79;Anti-Horario;6906.08
798;732040;0.08;Anti-Horario;3304.4
147;804311;0.65;Horario;20202.44
258;637155;0.19;Horario;32414.15
369;452201;0.47;Horario;15297.07
741;982864;0.79;Horario;12273.61
852;866453;0.06;Horario;33681.12
963;442093;0.32;Anti-Horario;24880.14
753;979536;0.68;Anti-Horario;26987.34
951;419595;0.34;Anti-Horario;27516.39
456;753666;0.09;Anti-Horario;6340.76
123;908155;0.45;Anti-Horario;10224.27
654;553670;0.54;Horario;168.06
987;481180;0.56;Anti-Horario;34498.9
798;688074;0.02;Anti-Horario;1794.98
147;914853;0.04;Anti-Horario;3178.33