dia;hora;esta_id_nave_clase;esta_id_nave_matricula;esta_id_orbita_exc;esta_id_sentido;esta_id_altura
1982-03-01;18:43;654;524141;0.43;Horario;25156.9
1988-03-05;8:39;987;627932;0.35;Anti-Horario;12875.89
1991-02-19;12:43;798;355188;0.64;Horario;32646.29
2004-07-09;10:11;147;632349;0.45;Anti-Horario;17309.6
2006-10-19;4:23;258;584581;0.02;Horario;7279.97
1997-08-19;17:30;369;443447;0.47;Horario;33367.35
1995-01-18;7:58;741;526524;0.57;Horario;9643.61
2006-03-02;3:34;852;411580;0.02;Anti-Horario;17454.72
1999-03-24;10:16;963;807305;0.05;Anti-Horario;29207.98
1992-08-26;22:27;753;699496;0.12;Anti-Horario;28663.92
2021-10-31;5:38;951;885465;0.51;Anti-Horario;11866.38
1996-07-05;9:29;456;956125;0.1;Horario;26059.25
1986-04-15;18:25;123;513947;0.15;Horario;20337.13
1990-09-30;8:27;654;973065;0.68;Horario;2431.81
2013-09-20;7:33;987;346507;0.59;Anti-Horario;7205.76
2015-07-28;7:53;798;975516;0.74;Horario;10601.17
1990-04-03;15:05;147;534664;0.9;Horario;8019.01
2000-03-01;7:19;258;413872;0.72;Horario;32044.91
1985-11-05;23:20;369;903050;0.8;Anti-Horario;28765.03
1998-01-11;4:26;741;730727;0.92;Anti-Horario;27722.09
1996-08-05;4:46;852;691852;0.18;Horario;32813.06
1982-10-23;21:32;963;586583;0.95;Horario;17239.17
2007-08-03;17:13;753;327338;0.06;Anti-Horario;19596.36
1997-12-25;11:31;951;467129;0.4;Horario;26206.9
2019-09-12;3:59;456;570508;0.33;Horario;31457.1
1984-12-17;21:49;123;747079;0.99;Anti-Horario;6104.41
2001-11-09;14:00;654;947781;0.73;Anti-Horario;8767.24
2009-03-03;2:05;987;711116;0.29;Anti-Horario;27519.61
1995-08-18;17:26;798;775245;0.12;Anti-Horario;3354.53
2012-06-17;15:26;147;803713;0.51;Anti-Horario;1334.28
2007-12-28;1:27;258;943874;0.68;Horario;34922.45
2002-07-26;5:30;369;685371;0.52;Anti-Horario;27523.28
1994-08-19;10:07;741;646088;0.29;Horario;34459.99
2014-08-20;10:43;852;443182;0.45;Horario;5422.13
1996-08-30;12:57;963;813227;0.43;Anti-Horario;15901.13
1984-04-19;15:28;753;841581;0.98;Horario;18336.15
2012-11-19;12:59;951;711553;0.2;Anti-Horario;30365.8
1986-02-02;10:26;456;382237;0.09;Horario;16140.77
2000-07-01;7:52;123;744330;0.74;Horario;34990.25
1982-04-30;15:53;654;423735;0.68;Anti-Horario;1919.52
1989-05-12;17:45;987;781570;0.92;Anti-Horario;3414.58
1983-09-29;11:39;798;660139;0.08;Anti-Horario;14362.13
2005-04-02;0:08;147;572763;0.95;Horario;28929.6
2017-05-13;5:21;258;873074;0.86;Anti-Horario;22770.66
1998-04-06;16:16;369;495608;0.98;Anti-Horario;12639.22
2016-03-15;0:46;741;466798;0;Anti-Horario;12536.21
2021-07-20;1:19;852;597735;0.21;Anti-Horario;8034.41
2020-11-24;15:20;963;655316;0.86;Anti-Horario;22027.63
2005-05-23;6:53;753;402173;0.17;Anti-Horario;19713.75
1988-05-10;4:10;951;730349;0.28;Horario;23841.54
2011-09-25;18:17;654;371478;0.25;Horario;34048.41
1989-04-30;16:09;987;525095;0.93;Horario;273.54
2010-03-28;15:52;798;361053;0.39;Horario;19136.64
2003-03-21;17:33;147;389453;0.75;Horario;18753.71
2002-02-25;21:35;258;909559;0.24;Horario;18629.6
2010-05-30;12:26;369;399655;0.21;Anti-Horario;7848.86
1997-02-24;12:01;741;814432;0.56;Anti-Horario;7616
2001-06-16;11:46;852;506549;0.81;Anti-Horario;14147.48
1987-09-03;8:12;963;912692;0.45;Anti-Horario;8528.77
2004-04-29;16:16;753;872685;0.03;Anti-Horario;17738.71
2014-02-24;8:18;951;945521;0.35;Horario;9528.27
1993-04-09;7:05;456;730570;0.15;Anti-Horario;30200.03
1992-06-21;10:13;123;735902;0.25;Anti-Horario;33026.43
1985-11-01;17:27;654;860124;0.87;Anti-Horario;2387.62
2006-07-31;20:37;987;829556;0.73;Horario;32951.62
1987-10-14;2:10;798;596969;0.99;Anti-Horario;34469.48
2012-06-20;21:51;147;955658;1;Anti-Horario;30165.25
2013-09-19;0:52;258;367597;0.36;Anti-Horario;22087.32
2010-05-26;14:31;369;871481;0.83;Anti-Horario;1780.86
1990-07-01;10:33;741;634841;0.06;Anti-Horario;21387.54
2020-03-31;1:27;852;843755;0.91;Horario;15840.12
2016-05-16;18:59;963;888210;0.84;Horario;212.47
2014-08-03;10:37;753;480076;0.36;Horario;22333.49
1986-07-13;8:56;951;919380;0.37;Anti-Horario;15237.66
2021-03-14;12:43;456;866518;0.51;Anti-Horario;5342.9
1992-06-10;5:03;123;451735;0.28;Horario;18390.35
2017-12-27;12:04;654;810343;0.36;Horario;28960.76
1988-09-26;23:41;987;474316;0.08;Horario;25709.46
1984-10-09;22:01;798;984332;0.75;Horario;18435.56
1996-08-04;8:48;147;609394;0.99;Horario;26436.75
2004-06-25;19:07;258;421851;0.23;Anti-Horario;18325.96
2007-02-05;20:31;369;666228;0.81;Anti-Horario;7807.09
2015-05-04;12:26;741;619766;0.39;Anti-Horario;29784.7
2011-08-06;16:29;852;959788;0.81;Anti-Horario;21214.96
1995-01-24;20:39;963;869771;0.56;Horario;6332.71
1995-11-22;0:25;753;782355;0.01;Horario;33151.24
2015-09-19;12:47;951;633785;0.6;Horario;1637.55
2008-06-04;23:25;456;554155;0.88;Horario;19933.81
2013-12-15;14:35;123;958150;0.01;Anti-Horario;6327.32
2002-08-05;3:52;654;471140;0.32;Horario;29048.37
2011-11-06;14:57;987;475171;0.25;Horario;3852.69
2018-05-07;18:40;798;654674;0.59;Anti-Horario;17556.12
1995-07-30;8:10;147;707457;0.47;Anti-Horario;3415.66
1999-05-24;7:18;258;383920;0.34;Anti-Horario;15674.09
2011-05-14;1:47;369;634955;0.03;Anti-Horario;4560.51
1997-09-01;3:52;741;897503;0.67;Anti-Horario;19206.47
1986-12-14;3:57;852;528714;0.53;Anti-Horario;12409.82
2008-04-16;11:23;963;643195;0.96;Anti-Horario;6313.28
2019-06-29;19:24;753;905330;0.82;Anti-Horario;5008.91
2006-08-19;8:57;951;415075;0.86;Anti-Horario;7297.49
1998-12-08;22:17;654;552363;0.47;Horario;18273.16
1996-10-22;3:17;654;447869;0.24;Horario;29427.61
2001-03-23;1:03;987;665627;0.15;Horario;15991.49
1989-02-24;8:00;798;692695;0.77;Horario;32498.74
1988-03-16;8:16;147;372756;0.43;Horario;20438.69
1987-12-09;9:22;258;805246;0.51;Horario;4857.02
1999-09-16;2:30;369;823343;0.2;Horario;28167.28
1994-07-18;18:02;741;656902;0.46;Anti-Horario;12459.95
2021-10-30;18:29;852;655030;0.45;Anti-Horario;15841.88
2006-12-05;15:00;963;782505;0.64;Anti-Horario;1873.86
2010-05-09;4:55;753;392849;0.72;Horario;31043.25
1996-09-14;1:51;951;597951;0.85;Anti-Horario;15556.01
1988-11-01;12:45;456;787854;0.46;Horario;2534.57
1982-05-01;23:05;123;485206;0.28;Anti-Horario;839.54
1988-04-14;15:25;654;902198;0.78;Horario;34914.55
2008-08-18;2:35;987;502165;0.32;Horario;29822.62
1992-02-25;7:21;798;611679;0.03;Anti-Horario;30775.12
1998-05-23;5:45;147;695833;0.09;Horario;6067.31
2010-03-27;16:03;258;984198;0.54;Horario;33217.12
2021-07-10;9:02;369;883390;0.79;Anti-Horario;29062.38
1992-11-29;6:49;741;805169;0.33;Horario;1867.7
2014-02-08;0:28;852;430939;0.91;Horario;34775.64
2017-08-09;17:04;963;946995;0.91;Horario;17664.28
2009-07-06;3:34;753;434302;0.79;Horario;15929.49
2005-04-09;8:27;951;335688;0.63;Anti-Horario;21781.91
1986-12-25;11:51;456;663840;0.41;Anti-Horario;3859.51
1988-03-23;21:48;123;502946;0.87;Anti-Horario;27872.59
2014-09-01;19:09;654;745355;0.17;Horario;26703.83
2004-11-25;23:34;987;886545;0.89;Anti-Horario;13097.18
1999-05-16;3:41;798;747946;0.42;Horario;12550.82
1988-09-04;17:47;147;598787;0.93;Horario;14594.22
2016-04-25;9:56;258;406259;0.95;Anti-Horario;12296.5
2014-11-27;9:39;369;977787;0.05;Horario;26249.38
2013-05-28;16:32;741;888082;0.39;Anti-Horario;26764.45
2003-11-26;22:15;852;681167;0.91;Anti-Horario;17216.59
2007-01-27;22:07;963;344628;0.92;Anti-Horario;30200.2
1997-09-21;1:33;753;433904;0.77;Anti-Horario;4253.9
2013-03-23;1:24;951;436571;0.21;Anti-Horario;11711.24
1987-08-07;6:29;456;660361;0.84;Horario;34840.84
1985-07-13;21:08;123;421634;0;Horario;17528.05
2017-09-28;8:46;654;831072;0.9;Horario;28909.29
2020-07-04;4:47;987;433920;0.78;Horario;8616.19
1989-10-05;13:17;798;502159;0.27;Horario;1888.3
1998-03-07;15:29;147;818940;0.29;Horario;2940.03
1994-03-06;5:05;258;375552;0.01;Anti-Horario;33690.01
1995-08-17;12:36;369;491996;0.12;Horario;28959.35
1990-09-30;9:46;741;916196;0.17;Anti-Horario;30058.28
2016-02-14;11:12;852;936320;0.68;Anti-Horario;25425.52
1990-08-25;6:48;963;795041;0.06;Anti-Horario;15789.04
2015-03-12;17:00;753;756597;0.5;Horario;30019.48
2002-07-14;20:26;951;702505;0.12;Anti-Horario;31757.82
2001-08-20;5:29;654;829487;0.64;Horario;27806.18
1995-06-13;21:50;987;627191;0.23;Anti-Horario;23604.68
1987-01-08;19:16;798;343186;0.96;Horario;18760.89
2013-11-17;7:48;147;399709;0.91;Anti-Horario;31813.72
1988-04-08;23:26;258;683626;0.6;Horario;4092.18
2018-12-24;13:49;369;586442;0.02;Anti-Horario;31814.94
1991-04-02;3:06;741;535947;0.54;Anti-Horario;3749.42
1989-06-04;16:18;852;376916;0.69;Horario;14735.46
1988-08-08;23:38;963;508480;0.5;Anti-Horario;12209.75
1984-09-05;15:22;753;838210;0.74;Horario;15340.47
2004-10-26;7:40;951;929249;0.88;Horario;27291.36
1998-09-27;11:56;456;757907;0.32;Anti-Horario;19040.38
2008-09-14;14:04;123;606211;0.8;Horario;33762.48
1988-02-21;23:53;654;679319;0.73;Anti-Horario;31879.85
1995-04-21;6:32;987;701382;0.33;Anti-Horario;11749.28
2008-09-07;15:51;798;395559;0.38;Anti-Horario;34606.56
1996-11-16;3:53;147;665493;0.93;Anti-Horario;6111.36
2010-12-25;9:48;258;488055;0.67;Horario;16931.08
2005-03-02;20:39;369;411334;0.41;Horario;1813.28
2002-01-12;4:05;741;576589;0.16;Horario;7069.91
2013-07-27;18:18;852;825592;0.06;Anti-Horario;20716.68
1987-12-28;21:01;963;862025;0.28;Anti-Horario;23197.04
1990-01-02;12:49;753;380786;0.33;Anti-Horario;29105.15
2018-12-20;3:36;951;697911;0.56;Horario;26491.62
2013-07-26;15:09;456;700417;0.75;Horario;27707.77
2020-09-12;1:45;123;778240;0.62;Anti-Horario;12383.78
2011-04-17;10:23;654;811492;0.02;Horario;12983.14
2010-05-20;13:38;987;756499;0.79;Horario;20423.89
2009-05-01;23:10;798;452476;0.96;Anti-Horario;27588.79
2012-08-10;5:54;147;504523;0.87;Anti-Horario;12004.29
1998-11-05;9:59;258;476967;0.94;Anti-Horario;2115.84
1999-05-15;5:02;369;593412;0.41;Anti-Horario;5360.67
2001-05-22;14:29;741;884211;0.38;Horario;20731.16
2021-02-12;8:32;852;550681;0.83;Anti-Horario;16952.41
2012-09-04;18:20;963;344846;0.59;Anti-Horario;168.25
2003-11-16;5:40;753;722021;0.08;Anti-Horario;1902.35
1988-02-27;4:45;951;523152;0.94;Horario;19810.89
2003-09-23;18:52;456;591822;0.38;Anti-Horario;6747.39
2018-03-01;6:47;123;345052;0.84;Anti-Horario;21939.87
1994-07-29;2:01;654;424949;0.57;Anti-Horario;1828.25
1994-06-17;10:56;987;480015;0.48;Horario;9354.27
1998-01-16;22:29;798;721712;0.96;Horario;29458.47
1985-04-22;15:45;147;918887;0.16;Horario;28653.27
2004-04-29;18:29;258;761059;0.06;Anti-Horario;19967.54
2012-03-16;1:45;369;623945;0.26;Horario;17016.06
1997-05-11;0:45;741;383695;0.23;Horario;2334.4
2013-12-02;22:26;852;894103;0.8;Horario;10430.29
1987-11-14;18:10;963;795380;0.85;Horario;10165.72
2016-12-04;6:54;753;634314;0.49;Horario;27396
2016-09-26;1:09;951;617322;0.45;Anti-Horario;13404.83
2018-10-04;15:40;951;610747;0.6;Horario;20260.92
2013-01-23;12:23;654;456957;0.65;Horario;17892.08
1999-02-10;6:23;987;614284;0.78;Anti-Horario;31841.12
1987-12-19;9:13;798;878056;0.89;Horario;30040.55
1992-08-25;18:50;147;917678;0.64;Horario;12794.27
1984-11-01;23:27;258;492902;0.87;Anti-Horario;17497.77
1982-09-17;13:27;369;780029;0.57;Horario;25963.22
2004-07-01;8:39;741;619175;0.78;Horario;11558.58
1998-01-17;1:00;852;323771;0.4;Horario;13445.02
2014-12-01;3:10;963;760717;0.92;Anti-Horario;30592.64
2006-01-19;16:24;753;794228;0.69;Horario;32899.57
1993-10-14;10:34;951;498238;0.17;Horario;32348.63
2012-09-16;0:19;456;591773;0.16;Horario;18903.92
1995-08-03;18:55;123;619846;0.73;Anti-Horario;29173.44
2017-07-19;1:32;654;792005;0.63;Horario;12267.14
2016-04-03;0:46;987;467294;0.86;Horario;25669.79
1988-06-30;1:24;798;821348;0.56;Horario;27189.49
2006-04-05;5:51;147;537805;0.2;Anti-Horario;1850
2016-07-09;1:46;258;671327;0.49;Anti-Horario;21530.62
1991-02-01;4:27;369;701247;0.02;Horario;7041.37
2004-11-14;6:01;741;840944;0.81;Horario;18135.77
1998-04-27;18:42;852;656373;0.8;Anti-Horario;30130.25
2018-10-12;9:51;963;769865;0.74;Anti-Horario;33035.39
1990-08-31;14:28;753;915162;0.97;Anti-Horario;23797.87
2021-11-15;17:12;951;955902;0.17;Anti-Horario;570.24
1998-04-12;14:05;456;368569;0.25;Anti-Horario;2673.13
2021-05-03;12:58;123;389240;0.26;Anti-Horario;16222.54
2010-01-17;2:52;654;688606;0.5;Horario;1949.6
2020-10-24;1:10;987;755829;0.46;Anti-Horario;2779.51
1982-11-10;5:11;798;345056;0.43;Anti-Horario;21895.69
1982-03-12;6:55;147;838447;0.16;Horario;9631.94
2015-12-18;17:42;258;691770;0.46;Anti-Horario;17214.9
2009-10-05;19:23;369;468315;0.94;Horario;16442.74
2006-09-04;1:08;741;919377;0.87;Anti-Horario;17465.31
1997-10-24;21:29;852;617000;0.14;Horario;8497.49
2008-10-08;2:43;963;673597;0.26;Horario;20121.24
2014-03-22;1:37;753;600820;0.08;Horario;11267.39
1999-06-29;21:15;951;935579;0.47;Horario;848.1
2000-09-25;9:06;456;858534;0.29;Horario;12010.23
1989-08-19;0:29;123;939925;0.93;Anti-Horario;33578.92
1990-08-26;8:47;654;570443;0.39;Anti-Horario;15386.5
2006-06-22;10:46;987;579717;0.68;Anti-Horario;5791.91
2008-07-06;4:58;798;723861;0.82;Anti-Horario;26299.72
1985-08-31;5:06;147;375024;0.32;Horario;21621.49
1996-01-03;23:11;258;784541;0.77;Anti-Horario;18915.27
1988-11-16;2:10;369;821020;0.34;Horario;26742.25
2008-06-14;0:21;741;357977;0.57;Anti-Horario;10368.18
2018-09-17;15:57;852;569622;0.12;Anti-Horario;5999.09
1998-06-16;9:49;963;771867;0.93;Anti-Horario;12036.66
2008-08-03;1:40;753;575090;0.86;Anti-Horario;2412.77
1992-10-19;6:05;951;870231;0.52;Horario;10363.42
2003-03-23;15:12;654;338327;0.07;Anti-Horario;525.15
1982-01-12;18:50;987;513013;0.07;Anti-Horario;34382.39
1994-04-15;9:12;798;662783;0.51;Anti-Horario;32455.14
2011-01-09;0:32;147;972299;0.57;Horario;11670.31
1985-09-18;15:39;258;341433;0.96;Anti-Horario;17448.74
2002-03-25;23:01;369;384125;0.68;Anti-Horario;7317.08
2014-07-24;19:28;741;882259;0.61;Anti-Horario;23529.18
1996-07-19;19:16;852;651562;0.27;Anti-Horario;28790.42
2014-02-17;10:53;963;407034;0.83;Horario;8611.22
2012-07-22;1:18;753;849540;0.8;Anti-Horario;12345.94
1998-09-11;2:34;951;479305;0.68;Horario;21777.29
2020-12-09;2:04;456;951749;0.81;Anti-Horario;33610.97
2020-08-12;2:32;123;565602;0.48;Horario;33054.84
2018-01-28;8:34;654;935189;0.46;Horario;2482.2
2008-04-02;4:59;987;724468;0.12;Anti-Horario;2689.56
1993-05-10;13:00;798;547021;0.75;Horario;31619.73
1996-12-21;6:06;147;447105;0.07;Anti-Horario;32816.52
2004-01-11;1:35;258;738134;0.03;Anti-Horario;23401.09
1996-01-28;20:35;369;758323;0.64;Anti-Horario;10315.47
2006-12-28;10:57;741;610681;0.23;Horario;34582.76
1985-02-20;20:01;852;454390;0.5;Horario;34811.82
2007-07-03;15:59;963;945153;0.43;Horario;15465.19
2009-06-09;6:41;753;957245;0.91;Anti-Horario;13212.73
1992-12-17;0:54;951;618646;0.35;Horario;3231.83
1996-03-17;15:57;456;638866;0.55;Anti-Horario;34763.44
2002-05-11;4:41;123;514814;0.95;Anti-Horario;8459.3
2000-07-26;9:49;654;913367;0.31;Horario;34654.13
2020-12-14;17:05;987;343245;0.28;Anti-Horario;26743.91
2002-11-23;11:50;798;359862;0.33;Horario;24620.7
2019-08-30;21:19;147;914126;0.7;Anti-Horario;1337.18
1999-03-12;22:48;258;829755;0.42;Horario;3149.33
1985-06-09;11:10;369;657939;0.65;Anti-Horario;19308.94
2013-02-19;23:35;741;375059;0.45;Horario;17969.34
2016-02-19;18:40;852;822940;0.8;Anti-Horario;2409.85
1988-04-15;2:17;963;483538;0.33;Anti-Horario;13443.72
1988-07-23;20:05;753;955314;0.76;Horario;33095.39
2003-07-22;20:27;951;868219;0.26;Anti-Horario;16946.07
1984-04-21;11:35;456;563736;0.91;Anti-Horario;2225.78
2020-07-26;19:48;123;337848;0.43;Anti-Horario;13877.19
2007-06-28;6:30;654;887492;0.25;Horario;24709.79
1988-01-31;10:09;987;325338;0.49;Horario;18704.09
1988-11-28;17:17;798;868125;0.04;Horario;14766.86
2006-09-17;7:46;147;832179;0.31;Anti-Horario;11650.4
1998-09-30;15:55;258;830647;0.44;Anti-Horario;6300.31
1992-05-15;17:12;369;798655;0.8;Horario;11635.85
1984-09-13;4:40;741;909256;0.41;Horario;4052.54
1990-01-29;23:20;852;373180;0.86;Horario;12416.21
2004-09-15;20:05;963;579295;0.58;Horario;2694.23
2004-11-11;21:00;753;948359;0.85;Horario;20738.47
2010-11-18;2:04;951;641464;0.97;Horario;33136.7
2000-08-24;20:38;987;568344;0.54;Anti-Horario;28938.89
1995-01-11;15:10;654;343133;0.66;Horario;25313.61
2017-03-07;16:04;987;725559;0.59;Horario;23591.89
1995-04-10;11:29;798;371107;0.85;Anti-Horario;31924.11
2001-12-13;3:13;147;354380;0.86;Anti-Horario;25546.39
1991-03-12;5:44;258;615786;0.52;Horario;22833.6
1984-02-03;16:39;369;472558;0.93;Anti-Horario;11310.01
2001-01-20;20:35;741;586790;0.09;Horario;31808.98
1986-12-19;14:33;852;730981;0.35;Anti-Horario;34440.2
1997-12-12;5:51;963;794921;0.42;Horario;3403.94
1987-09-13;3:56;753;828974;0.56;Horario;3936.45
2021-07-10;19:51;951;448327;0.96;Horario;6994.53
2018-06-01;6:17;456;726472;0.43;Horario;24395.95
2018-08-29;19:47;123;522575;0.52;Anti-Horario;23277.99
2018-03-03;17:15;654;831314;0.64;Anti-Horario;27007.58
2004-07-15;4:11;987;694997;0.29;Horario;26936.07
1990-03-07;8:47;798;366171;0.67;Anti-Horario;25826.62
1998-08-21;18:06;147;611175;0.6;Anti-Horario;5088.41
1991-04-24;10:51;258;580677;0.31;Horario;25952.04
1997-11-27;20:40;369;390363;0.34;Anti-Horario;32826.24
1995-08-08;7:44;741;911703;0.86;Anti-Horario;12372.25
1988-12-29;17:56;852;566093;0.95;Horario;23986.67
2019-12-08;20:16;963;977363;1;Horario;103.78
2013-07-27;1:48;753;396683;0.33;Horario;8382.67
1988-06-24;6:56;951;574076;0.06;Horario;16825.82
1985-03-24;13:42;456;495605;0.39;Anti-Horario;5813.11
1996-03-04;2:02;123;770359;0.53;Horario;8079.3
1993-04-30;1:55;654;762124;0.19;Anti-Horario;19289.91
1986-01-07;4:22;987;865357;0.38;Anti-Horario;3595.83
2010-05-17;6:37;798;681958;0.17;Horario;33867.41
2012-03-11;1:55;147;972354;0.41;Horario;5905.83
2005-08-16;2:10;258;749348;0.19;Anti-Horario;28866.47
2007-03-19;4:45;369;766242;0.72;Horario;23089.65
1994-12-25;20:52;741;974838;0.4;Anti-Horario;22110.26
1999-05-07;16:32;852;920191;0.34;Anti-Horario;28119.28
2005-08-16;1:19;963;754883;0.57;Anti-Horario;4295.13
2008-04-21;13:13;753;589316;0.06;Horario;10672.51
1984-06-20;22:09;951;974802;0.89;Anti-Horario;3781.93
2009-06-02;15:00;456;638853;0.3;Horario;5463.81
1983-10-18;20:30;123;350561;0.76;Horario;33110.09
1998-09-05;15:47;654;481247;0.2;Anti-Horario;30838.07
2014-01-10;4:14;987;633145;0.44;Horario;29403.55
1997-10-26;5:45;798;812719;0.59;Horario;9137.99
2021-07-25;11:54;147;512162;0.88;Anti-Horario;10386.59
1988-02-12;11:18;258;932798;0.16;Anti-Horario;20126.19
2011-04-24;8:40;369;500010;0.53;Anti-Horario;1502.61
2010-01-20;11:05;741;395651;0.64;Horario;25784.6
2003-03-31;11:12;852;476418;0.93;Anti-Horario;9284.67
2019-10-14;16:41;963;346458;0.75;Anti-Horario;20153.04
2013-07-15;18:42;753;651590;0.53;Anti-Horario;26303
2021-01-09;22:53;951;947286;0.71;Anti-Horario;16932.12
2014-10-16;18:04;654;752044;0.22;Anti-Horario;34814.23
2017-12-08;15:51;987;347178;0.52;Anti-Horario;30968.35
1999-11-23;20:54;798;721823;0.8;Anti-Horario;17779.4
1997-12-27;13:25;147;650849;0.26;Horario;5874.24
1989-12-17;1:09;258;483585;0.88;Horario;5840.84
2012-07-16;12:47;369;915237;0.78;Anti-Horario;2186.19
1997-07-14;14:18;741;399139;0.39;Horario;29041.35
2018-06-21;10:50;852;466543;0.23;Anti-Horario;30194.63
2019-03-04;2:33;963;438021;0.85;Anti-Horario;23851.06
2011-02-19;7:30;753;788936;0.79;Horario;14024.63
2014-08-23;8:08;951;713144;0.26;Anti-Horario;662.2
2006-07-19;10:52;456;923929;0.01;Horario;26525.76
2008-04-01;4:51;123;706786;0.06;Anti-Horario;4066.25
2010-01-16;10:18;654;499600;0.48;Anti-Horario;4697.98
2001-05-19;21:32;987;786255;0.53;Horario;31705.01
1997-02-23;0:48;798;440881;0.13;Anti-Horario;18426.54
2007-05-25;6:28;147;815550;0.74;Horario;5778.19
2003-10-11;21:12;258;787017;0.26;Anti-Horario;9309.74
2018-02-27;17:42;369;543097;0.66;Horario;20383.3
1993-10-31;6:54;741;560812;0.21;Anti-Horario;9521.18
2012-03-05;21:59;852;882305;0.32;Horario;26626.42
1991-12-25;6:12;963;339930;0.05;Horario;18041.55
2002-08-05;23:00;753;712887;0.27;Anti-Horario;30623.21
2013-04-21;1:44;951;696663;0.78;Horario;22088.99
1986-03-31;16:40;456;435346;0.44;Anti-Horario;32985.01
1985-11-20;1:35;123;613174;0.6;Anti-Horario;29067.25
1985-01-29;10:25;654;464227;0.8;Horario;11380.45
1996-01-15;8:41;987;934565;0.02;Anti-Horario;14655.68
1999-02-23;15:17;798;626981;0.14;Horario;31643.66
2012-07-25;5:26;147;700057;0.44;Anti-Horario;14460.24
2000-03-25;4:16;258;903943;0.61;Anti-Horario;30387.34
2009-03-14;2:37;369;447453;0.24;Anti-Horario;32071.59
1999-12-28;6:13;741;800660;0.41;Anti-Horario;4335.42
2016-10-20;6:06;852;520783;0.46;Anti-Horario;30402.32
2010-08-04;23:20;963;788099;0.83;Horario;34620.9
2005-08-06;5:20;753;650599;0.65;Horario;5606.95
2016-03-15;4:41;951;868490;0.33;Anti-Horario;33108.05
2017-03-18;11:42;456;947651;0.8;Horario;6676.4
2005-07-13;20:43;123;446438;0.83;Horario;19553.71
1998-01-17;20:31;654;775608;0.62;Horario;5050.16
2007-02-25;23:12;987;876210;0.59;Anti-Horario;27452.29
2010-11-12;5:09;798;379826;0.04;Anti-Horario;15372.43
2007-01-12;10:57;147;719770;0.87;Horario;30593.11
1994-10-16;23:40;258;837091;0.25;Anti-Horario;4470.27
2000-11-24;5:15;369;777440;0.83;Anti-Horario;21571.82
1988-02-28;16:37;741;547423;0.8;Horario;30461.71
1998-09-05;0:03;852;488493;0.5;Anti-Horario;28451.76
1984-09-14;19:54;963;805055;0.1;Anti-Horario;6693.36
2020-05-28;16:26;753;714766;1;Horario;26456.02
2020-09-30;8:14;951;679906;0.77;Horario;25951.72
1995-07-17;5:00;654;462045;0.42;Anti-Horario;16961.75
2005-03-14;1:15;987;970166;0.93;Anti-Horario;2768.31
1986-03-05;1:25;798;843784;0.85;Anti-Horario;1758.95
1989-01-16;23:31;147;722583;0.89;Anti-Horario;2248.55
2021-09-27;6:02;258;769476;0.51;Anti-Horario;7989.72
1985-08-30;18:15;369;733312;0.85;Horario;3096.87
2002-09-25;11:22;741;874951;0.82;Horario;2215.5
1990-09-08;6:42;852;844630;0.15;Horario;21644.9
2006-03-27;15:04;963;972837;0.38;Anti-Horario;26133.63
1997-12-25;12:17;753;524531;0.97;Horario;33084.38
2018-12-23;15:39;951;834882;0.2;Horario;3796.83
1982-06-05;4:57;456;507210;0.42;Anti-Horario;30561.71
2012-01-04;22:28;123;553427;0.94;Anti-Horario;34591.78
1987-06-06;4:14;654;776077;0.61;Horario;264.37
2011-06-27;4:21;987;416189;0.09;Anti-Horario;16242.11
2000-05-27;2:42;798;746307;0.64;Horario;10904.3
1988-03-30;22:05;147;364324;1;Horario;11852
2005-04-28;7:19;258;982871;0.06;Horario;24795.59
2007-06-14;3:32;369;386242;0.64;Anti-Horario;27804.21
2018-09-04;8:59;741;472033;0.65;Horario;22899.42
1991-06-18;15:12;852;619463;0.42;Anti-Horario;18076.57
2017-10-13;3:10;963;373683;0.07;Anti-Horario;770.95
1994-03-04;19:36;753;650557;0.31;Horario;12941.73
1984-12-15;7:21;951;393805;0.89;Horario;5436.69
1985-12-21;23:11;456;423981;0.63;Horario;9609.07
1997-07-18;6:14;123;983449;0.71;Anti-Horario;32576.88
1986-04-04;6:58;654;855089;0.33;Anti-Horario;21321.59
1998-05-19;1:49;987;476736;0.27;Horario;23787.13
1985-06-05;3:11;798;876363;0.32;Anti-Horario;34618.19
2005-09-25;23:17;147;716961;0.52;Horario;29451
1991-06-18;19:26;258;798317;0.8;Anti-Horario;18723.25
1982-04-06;9:32;369;847067;0.24;Horario;21754.94
2013-11-24;18:49;741;674011;0.34;Horario;4194.83
2000-07-30;18:14;852;690538;0.93;Anti-Horario;12157.56
2000-05-12;6:49;963;483909;0.7;Anti-Horario;25460.19
1986-08-11;8:45;753;686088;0.82;Anti-Horario;485.72
2012-11-19;10:17;951;801489;0.02;Horario;1057.95
1983-03-15;7:30;456;735422;0.91;Horario;21844.1
2016-09-15;17:55;123;874162;0.07;Horario;3239.36
1991-04-19;3:42;654;775765;0.88;Horario;15673.13
1983-05-28;0:54;987;906532;0.9;Horario;34078.53
2003-03-03;12:57;798;725420;0.37;Horario;23728.64
1993-11-03;1:11;147;714406;0.51;Horario;20123.78
2001-07-29;18:43;258;614584;0.74;Anti-Horario;29564
2019-03-08;21:54;369;496981;0.86;Anti-Horario;24653.05
1991-09-17;18:06;741;605578;0.31;Anti-Horario;20399.76
1997-03-14;9:33;852;545842;0.41;Horario;13111.18
1988-02-06;0:45;963;328359;0.69;Horario;24686.52
1982-12-02;8:41;753;337190;0.39;Horario;18466.34
1996-10-06;11:55;951;767894;0.19;Horario;21334.94
2010-12-18;10:50;654;419650;0.03;Anti-Horario;31265.3
1984-07-11;19:34;987;563918;0.66;Horario;18133.49
2012-08-07;14:49;798;814453;0.71;Horario;17595.71
2016-08-17;1:21;147;890122;0.61;Anti-Horario;24093.93
1996-12-11;17:56;258;346030;0.7;Anti-Horario;30947.7
1983-10-07;19:58;369;733417;0.27;Horario;33866.89
2009-11-01;0:55;741;914372;0.28;Anti-Horario;30269.65
2016-01-06;3:35;852;967552;0.9;Horario;24934.8
1989-09-18;5:40;963;898725;0.77;Horario;29831.55
2010-06-26;1:23;753;680439;0.2;Anti-Horario;24283.83
2005-02-28;15:09;951;653263;0.82;Anti-Horario;2093.4
1995-11-11;18:02;456;823279;0.31;Anti-Horario;33593.62
2008-04-21;15:24;123;794924;0.92;Anti-Horario;34550.88
1988-11-05;23:05;654;522464;0.74;Anti-Horario;2298.56
1996-07-21;2:06;987;772910;0.31;Horario;12113.69
1999-09-13;9:32;798;380399;0.83;Anti-Horario;25560.1
2005-12-05;5:53;147;960215;0.18;Anti-Horario;16812.45
1994-07-16;19:00;258;675433;0.57;Horario;4793.29
1989-11-09;2:22;369;949394;0.55;Horario;16160.8
2016-02-28;8:53;741;956385;0.08;Horario;22020.67
2018-12-26;15:35;852;427901;0.27;Anti-Horario;22763.61
1991-03-08;18:20;963;828500;0.37;Horario;18803.73
2009-12-02;2:20;753;886821;0.71;Horario;29149.51
1985-09-03;16:00;951;681029;0.59;Horario;3443.72
1999-10-01;15:17;456;374273;0.43;Horario;20580.1
2016-02-16;16:26;123;913470;0.26;Anti-Horario;3895.1
2017-06-23;12:02;654;983049;0.02;Anti-Horario;31506.47
2012-04-24;16:22;987;631453;0.15;Anti-Horario;1521.56
2002-06-09;17:13;798;817590;0.29;Anti-Horario;32513.66
1996-02-09;23:15;147;624407;0.58;Horario;22274.54
1995-09-11;5:07;258;734944;0.41;Anti-Horario;24860.01
2021-03-30;3:57;369;547321;0.51;Horario;34447.29
1999-10-27;1:54;741;559261;0.62;Anti-Horario;6220.14
2012-05-30;4:04;852;899948;0.83;Horario;14287.42
2003-04-27;0:54;963;665194;0.76;Horario;5888.64
2020-09-19;12:40;753;902904;0.72;Anti-Horario;31934.33
2016-04-02;21:24;951;794588;0.59;Horario;5401.47
2007-07-21;21:53;456;625263;0.39;Anti-Horario;27998.44
1995-06-03;15:57;123;721895;0.49;Horario;31412.83
1987-03-03;14:41;654;558606;0.44;Horario;13471.41
1987-08-26;6:16;987;457910;0.91;Horario;17157.78
2010-12-25;20:03;798;635359;0.36;Anti-Horario;1175.63
2003-04-17;11:55;147;655122;0.71;Anti-Horario;24067.16
2002-10-08;3:04;258;367998;0.62;Anti-Horario;21083.1
2019-03-11;14:28;369;978266;0.71;Anti-Horario;25581.68
1996-05-21;10:49;741;420947;0.57;Horario;32948.49
2013-09-27;17:47;852;772861;0.08;Anti-Horario;23788.62
2008-01-03;22:54;963;474707;0.69;Anti-Horario;21269
1998-05-27;19:22;753;549746;0.7;Anti-Horario;34972.57
2021-03-06;10:37;951;532784;0.75;Horario;26588.32
2015-08-20;21:12;654;827119;0.99;Anti-Horario;32449.25
1989-02-11;10:58;654;597511;0.31;Horario;23272.97
1986-09-17;11:52;987;665765;0.11;Horario;32631.1
2020-06-11;9:20;798;516862;0.21;Anti-Horario;18701.91
2009-09-01;21:23;147;642525;0.82;Anti-Horario;18903.04
2004-10-19;17:21;258;408896;0.28;Horario;12843.29
1990-01-15;14:32;369;585314;0.9;Horario;18593
2002-05-17;20:06;741;718220;0.65;Horario;26953.22
2020-04-27;0:32;852;666229;0.11;Horario;26143
1995-04-26;0:09;963;754097;0.05;Horario;12547.6
1990-08-26;20:00;753;745115;0.47;Anti-Horario;33447.68
1982-12-09;20:34;951;768990;0.71;Anti-Horario;7761.37
1992-11-25;3:54;456;737297;0.12;Horario;13606.49
1984-11-06;19:54;123;568836;0.61;Anti-Horario;17613.54
1987-10-10;13:14;654;330977;0.76;Horario;29913.79
1987-11-21;5:39;987;381882;0.2;Horario;24198.47
2014-03-10;10:55;798;563937;0.9;Anti-Horario;31311.02
2000-05-03;9:54;147;852756;0.33;Horario;2164.18
2014-01-03;19:15;258;497471;0.14;Anti-Horario;15988.5
1986-02-09;1:18;369;849921;0.44;Horario;22406.22
1998-08-28;11:46;741;714481;0.99;Anti-Horario;23016.62
1990-08-19;4:40;852;436002;0.12;Anti-Horario;13538.59
1991-05-26;9:36;963;805131;0.97;Anti-Horario;26752.44
2000-01-09;5:03;753;576124;0.66;Anti-Horario;25561.65
2015-09-13;0:06;951;546655;0.31;Horario;13992.35
1983-08-25;1:38;456;591575;0.22;Anti-Horario;30887.36
1982-04-05;18:44;123;331248;0.09;Horario;18048.51
2003-11-02;21:55;654;906241;0.09;Anti-Horario;30173.73
1995-11-21;19:26;987;938479;0.47;Anti-Horario;23825.15
2000-11-01;17:01;798;586525;0.35;Horario;12010.59
2008-10-15;1:53;147;865812;0.52;Horario;28154.3
1984-08-27;13:32;258;456892;0.28;Anti-Horario;8018.54
2013-03-28;10:02;369;614503;0.03;Anti-Horario;21168.31
2010-04-17;4:53;741;535469;0.82;Anti-Horario;3871.81
2009-08-29;13:58;852;921113;0.89;Horario;34720.64
1998-01-17;13:47;963;529500;0.3;Horario;14185.5
1997-03-15;13:56;753;649604;0.13;Horario;27502.87
2001-08-03;17:46;951;695363;0.46;Anti-Horario;5343.68
1997-09-25;8:12;456;729100;0.92;Anti-Horario;27635.29
1999-10-24;2:38;123;563164;0.57;Anti-Horario;10035.01
1995-01-26;13:26;654;529100;0.54;Horario;15085.15
1991-03-17;6:16;987;581487;0.05;Horario;26013.39
2004-03-10;7:03;798;964984;0.57;Horario;12280.06
2011-07-13;14:14;147;368793;0.2;Horario;27620.13
2000-02-03;19:35;258;946887;0.98;Anti-Horario;30750.4
1987-01-15;17:58;369;342375;0.19;Horario;10426.91
2012-03-31;14:44;741;885558;0.72;Horario;8417.71
1985-09-13;0:08;852;702225;0.27;Anti-Horario;32544.77
1985-01-24;11:22;963;663240;0.13;Horario;27434.36
2016-12-17;4:35;753;807179;0.29;Anti-Horario;34455.81
2004-08-28;10:26;951;696010;0.22;Anti-Horario;15458.75
1999-10-11;8:55;654;467864;0.81;Anti-Horario;26982.15
2008-05-15;5:48;987;461751;0.16;Horario;16260.3
1988-01-05;5:44;798;344793;0.17;Anti-Horario;12047.6
1996-11-30;0:50;147;360934;0.95;Horario;26987.09
2002-10-25;6:15;258;401435;0.56;Horario;22476.34
1983-09-23;22:46;369;821341;0.87;Horario;20711.88
2021-11-28;8:51;741;886085;0.82;Anti-Horario;34231.84
2001-09-13;10:41;852;738089;0.7;Anti-Horario;17353.58
2008-07-23;4:20;963;535879;0.35;Anti-Horario;6159.15
1983-12-22;2:09;753;908709;0.19;Anti-Horario;6430.36
1987-10-28;19:31;951;511940;0.71;Horario;23203.98
1988-01-12;7:33;456;491217;0.04;Horario;22646.89
2001-12-22;22:29;123;597826;0.28;Anti-Horario;114.07
1993-10-21;1:59;654;725061;0.93;Horario;30808.84
2007-10-24;7:58;987;541533;0.77;Horario;7979.48
2013-04-22;10:48;798;592788;0.91;Anti-Horario;23479.06
2003-09-09;22:18;147;802942;0.58;Horario;30378.82
2001-03-22;8:00;258;788611;0.97;Anti-Horario;15627.5
2021-03-12;7:11;369;690821;0.97;Horario;25676.76
2007-09-26;6:31;741;747935;0.96;Anti-Horario;19271.21
2010-06-08;0:04;852;772067;0.04;Horario;4609.39
2005-12-25;4:45;963;681828;0.02;Horario;22978.5
1984-10-26;16:45;753;612386;0.03;Anti-Horario;1297.39
2011-11-09;23:50;951;540648;0.67;Anti-Horario;32459.64
2002-09-03;20:12;456;879634;0.82;Anti-Horario;9519.82
2006-01-24;3:52;123;940185;0.3;Horario;30212.89
1982-09-15;13:13;654;836172;0.87;Horario;21150.75
2007-11-29;1:45;987;371533;0.61;Anti-Horario;15475.41
1989-12-19;2:14;798;695684;0.88;Anti-Horario;28226.33
2003-10-27;22:28;147;638454;0.96;Horario;27314.39
2019-02-14;10:24;258;654288;0.41;Horario;6352.27
2005-06-03;0:07;369;979901;0.59;Horario;28156.38
2016-03-21;21:54;741;855938;0.12;Anti-Horario;4059.83
2006-11-01;10:05;852;881738;0.77;Anti-Horario;33382.51
2004-10-24;6:10;963;933437;0.89;Horario;16374.78
2006-01-03;2:27;753;378520;0.44;Anti-Horario;11523.12
1999-07-19;19:48;951;730753;0.49;Horario;27486.73
2001-03-17;9:49;456;685013;0.99;Anti-Horario;25224.03
1999-02-12;7:47;123;925109;0.19;Anti-Horario;10656.01
1998-03-13;13:46;654;667742;0.3;Horario;1104.27
1986-06-17;8:02;987;781034;0.79;Anti-Horario;1643.28
1990-07-31;16:26;798;627297;0.83;Anti-Horario;16802.45
1999-03-11;0:59;147;708569;0.52;Horario;31056.75
2007-11-21;6:15;258;501456;0.73;Anti-Horario;24633.1
2001-05-28;2:36;369;501448;0.06;Horario;8176.74
2014-09-25;15:29;741;334852;0.74;Anti-Horario;29112.59
1999-07-07;11:02;852;324041;0.83;Horario;10018.31
1996-02-29;22:23;963;345621;0.41;Horario;4980.94
1982-01-29;20:38;753;381367;0.91;Anti-Horario;9792.52
2001-02-10;7:37;951;691855;0.66;Anti-Horario;11219.88
1986-05-15;5:48;951;552057;0.84;Anti-Horario;33681.69
1999-07-16;0:54;654;325484;0.42;Anti-Horario;5922.88
2008-06-14;9:59;987;342317;0.47;Anti-Horario;31116.34
2018-05-03;18:31;798;431028;0.99;Anti-Horario;25137.73
2004-04-17;20:09;147;374994;0.74;Horario;7479.01
2016-01-10;1:04;258;860783;0.53;Horario;5581.17
1997-09-21;20:23;369;896115;0.47;Anti-Horario;4638.49
2010-03-19;0:26;741;851573;0.77;Horario;34558.13
1986-11-20;6:59;852;941515;0.9;Anti-Horario;29783.08
2015-01-05;8:25;963;832690;0.66;Horario;25175.02
1992-08-01;21:37;753;715396;0.3;Anti-Horario;17820.15
1994-01-02;13:49;951;448149;0.93;Anti-Horario;14584.86
1995-04-19;22:45;456;983432;0.24;Anti-Horario;33295.04
1999-09-30;1:44;123;335435;0.44;Anti-Horario;24292.98
2017-02-04;6:40;654;935184;0.46;Anti-Horario;1650.3
1982-01-02;3:16;987;522192;0.79;Horario;7334.01
1990-07-28;4:31;798;429413;0.86;Horario;32607.43
1992-05-26;21:54;147;557068;0.21;Horario;3443.84
2011-04-12;17:29;258;466644;0.94;Anti-Horario;34437.1
2019-04-25;23:48;369;902076;0.64;Horario;2439.59
1993-08-11;9:39;741;430778;0.25;Horario;30869.33
1999-09-16;1:48;852;756051;0.68;Horario;24268.87
1998-04-16;16:54;963;925017;0.95;Anti-Horario;6632.12
2001-07-22;10:31;753;486733;0.03;Horario;29982.82
2007-04-25;13:00;951;520606;0.23;Anti-Horario;13179.35
2006-03-24;16:10;456;874326;0.64;Anti-Horario;711.01
2021-05-27;1:32;123;556090;0.42;Anti-Horario;29826.4
2021-07-28;5:13;654;323891;0.25;Anti-Horario;34516.64
2003-07-25;19:13;987;602602;0.19;Horario;1964.24
1984-02-10;14:28;798;630742;0.47;Horario;3055.36
1997-06-28;3:44;147;753305;0.87;Horario;20028.84
2014-06-28;17:24;258;624278;0.85;Horario;30558.74
2021-06-15;16:44;369;571623;0.44;Horario;28688.15
1985-04-02;12:07;741;423608;0.42;Horario;22362.62
2020-09-24;23:06;852;630971;0.46;Anti-Horario;20529.88
2014-01-09;6:12;963;679845;0.27;Horario;19250.75
2021-07-02;17:31;753;543451;0.99;Horario;28626.52
2004-10-08;8:37;951;685960;0.76;Anti-Horario;23678.91
2013-09-01;23:06;456;707747;0.97;Horario;4945.36
2017-05-02;18:27;123;985433;0.01;Horario;9743.04
1982-04-02;11:20;654;804551;0.99;Anti-Horario;9114.94
1993-09-07;9:17;987;413538;0.17;Horario;16757.01
2000-03-13;21:53;798;346375;0.59;Anti-Horario;7233.38
2016-08-17;9:53;147;863363;0.6;Horario;5802.37
1994-04-19;17:21;258;801061;0.93;Anti-Horario;6953.75
1993-03-17;16:52;369;949665;0.64;Anti-Horario;13986.92
2000-06-07;7:31;741;921561;0.45;Horario;13614.03
2019-10-06;14:43;852;895337;0.08;Horario;5507.42
1986-07-13;13:01;963;831449;0.22;Horario;1273.71
2015-02-14;20:53;753;521896;0.43;Anti-Horario;4817.79
2004-04-02;17:40;951;682213;0.64;Horario;14863.61
2003-08-06;2:20;654;679746;0.19;Horario;9673.01
1992-12-30;16:56;987;734970;0.88;Anti-Horario;26637.69
1991-03-27;15:57;798;631213;0.06;Horario;33169.55
2019-02-02;0:51;147;776452;0.18;Horario;4683.75
2017-10-02;1:22;258;724573;0.48;Anti-Horario;24434.34
2014-12-04;18:15;369;825432;0.3;Anti-Horario;24735.93
1994-11-11;7:40;741;646193;0.83;Anti-Horario;17769.27
2004-02-29;7:43;852;407158;0.31;Horario;30053.78
2004-05-21;5:32;963;921504;0.9;Anti-Horario;20545.72
2007-06-21;22:08;753;450113;0.91;Horario;17908.98
2008-10-18;14:09;951;570201;0.48;Horario;1826.01
2007-10-08;18:00;456;544017;0.41;Anti-Horario;5401.47
2017-08-25;1:51;123;391900;0.67;Horario;30819.75
2020-01-07;15:54;654;390992;0.02;Horario;19154.62
1994-02-12;20:45;987;707892;0.11;Anti-Horario;2855.83
2009-09-19;16:37;798;876603;0.41;Anti-Horario;27546.77
1994-09-23;22:45;147;940646;0.13;Horario;7026.88
1988-11-17;6:54;258;705334;0.46;Anti-Horario;15472.47
2012-04-19;11:25;369;986959;0.69;Anti-Horario;29819.48
2014-10-19;1:07;741;473570;0.27;Anti-Horario;16321.74
1994-10-23;11:19;852;959497;0.64;Anti-Horario;30725.4
1986-06-19;10:36;963;700155;0.19;Horario;15135.93
1999-04-06;18:01;753;367374;0.53;Horario;26833.88
2021-05-14;14:08;951;489213;0.65;Horario;32006.26
2016-11-07;1:33;456;437763;0.43;Horario;9144.91
2004-12-26;19:16;123;916151;0.34;Horario;19266.62
1988-07-20;6:53;654;599270;0.89;Anti-Horario;30413.31
2014-09-08;12:16;987;902938;0.11;Horario;14189.37
1998-11-10;6:57;798;476970;0.17;Anti-Horario;14104.84
2003-04-20;23:55;147;461656;0.44;Horario;5067.41
2019-01-28;7:16;258;869598;0.76;Horario;6854.28
1986-05-14;16:38;369;897940;0.51;Horario;33933.79
2019-10-09;12:01;741;465023;0.34;Horario;29995.45
2017-02-05;22:22;852;515123;0.04;Anti-Horario;4536.96
2000-10-08;8:00;963;947669;0.41;Horario;27601.98
2018-06-11;4:31;753;512014;0.69;Anti-Horario;11889.13
2000-12-09;23:43;951;481926;0.93;Horario;10717.43
2003-08-22;4:56;456;655861;0.63;Anti-Horario;23954.05
2018-08-04;18:52;123;646464;0.48;Horario;16793.61
1991-12-03;7:01;654;572470;0.68;Horario;32145.95
1997-05-14;21:55;987;439407;0.81;Anti-Horario;26940.13
1998-04-24;9:32;798;684394;0.79;Horario;15040.29
1998-02-20;15:26;147;545227;0.05;Horario;4998.46
2017-11-03;8:29;258;349638;0.16;Anti-Horario;8685.54
1985-10-08;0:49;369;653527;0.69;Horario;7823.07
2014-12-14;3:39;741;355760;0.09;Anti-Horario;13965.78
1993-07-09;16:37;852;695545;0.94;Anti-Horario;3895.72
2002-07-23;12:52;963;388278;0.55;Horario;32409.98
1992-11-03;10:09;753;630905;0.01;Anti-Horario;26781.81
1999-10-20;15:47;951;502108;0.49;Horario;1006.92
1982-12-12;0:08;987;740158;0.5;Horario;18237.23
2000-01-22;18:37;654;605272;0.97;Horario;16858.19
2012-04-10;5:10;987;728714;0.96;Anti-Horario;9916.25
2006-01-24;22:08;798;785986;0.59;Anti-Horario;4814.02
2004-04-29;0:03;147;845881;0.66;Anti-Horario;30869.69
2018-09-20;10:56;258;740883;0.11;Anti-Horario;19194.58
2007-06-03;18:01;369;658955;0.85;Horario;19980.41
2002-10-05;4:35;741;759398;0.78;Anti-Horario;31789.04
2000-10-31;1:06;852;708766;0.19;Anti-Horario;1287.85
1991-07-27;9:08;963;912824;0.46;Anti-Horario;6030.12
2004-01-24;21:19;753;740005;0.11;Horario;31532.12
2012-05-21;3:46;951;839243;0.75;Horario;3135.84
1987-07-15;22:45;456;622494;0.42;Anti-Horario;18083.36
2005-08-23;2:48;123;594347;0.24;Horario;16605.04
1993-09-11;16:53;654;387535;0.83;Anti-Horario;12270.27
2007-11-29;10:09;987;534085;0.91;Horario;4268.88
2013-09-29;11:14;798;446032;0.97;Horario;9357.86
1983-11-12;13:14;147;920092;0.75;Horario;14736.04
2007-03-25;13:51;258;880403;0.94;Horario;34166.87
2006-09-24;9:07;369;966867;0.12;Anti-Horario;3556.69
1994-08-04;23:36;741;405318;0.24;Horario;4692.92
2012-11-04;12:01;852;474448;0.49;Horario;16228.04
2003-11-29;17:07;963;322740;0.76;Horario;15563.22
2013-12-03;3:24;753;906983;0.65;Horario;490.31
2005-01-17;18:15;951;827107;0.66;Anti-Horario;14057.31
2020-12-10;17:36;456;953538;0.65;Horario;7017.39
1982-05-04;5:52;123;540912;0.09;Horario;27434.67
1987-09-27;16:19;654;360136;0.16;Anti-Horario;31483.84
2018-09-23;16:53;987;443864;0.67;Anti-Horario;3219.54
2012-01-01;1:38;798;543643;0.3;Anti-Horario;14678.03
2004-04-11;11:17;147;322808;0.86;Horario;4181.36
1991-10-16;15:31;258;672993;0.61;Horario;8629.42
1999-02-11;0:54;369;809863;0.3;Anti-Horario;32689.95
1991-02-14;7:50;741;875924;0.76;Anti-Horario;6005.93
1984-10-21;18:28;852;585631;0.22;Horario;2544.21
1989-05-31;20:52;963;384555;0.12;Anti-Horario;6678.64
1992-08-17;19:15;753;949894;0.51;Horario;21373.57
2002-03-05;19:27;951;335190;0.53;Anti-Horario;26850.94
2017-03-22;15:43;456;388730;0.64;Horario;18453.55
1996-07-22;2:55;123;899404;0.14;Horario;5458.82
2020-10-24;18:04;654;854399;0.77;Anti-Horario;27443.59
1982-05-25;1:55;987;780125;0.96;Horario;30735.13
1987-05-14;11:04;798;604910;0.68;Horario;18624.12
2004-07-07;15:00;147;885618;0.42;Horario;14563.85
2003-06-19;8:54;258;969703;0.88;Anti-Horario;26540.24
2007-11-10;0:30;369;669519;0.19;Horario;27621.36
2011-06-27;4:55;741;449646;0.18;Anti-Horario;5556.4
1988-06-30;10:39;852;592452;0.31;Anti-Horario;20905.13
2014-02-16;16:46;963;848472;0.06;Anti-Horario;8301.82
1994-05-27;3:39;753;427115;0.22;Anti-Horario;11278.65
1999-08-01;21:19;951;753117;0.41;Anti-Horario;14318.24
2021-06-11;17:59;654;645821;0.58;Anti-Horario;17960.71
2014-02-26;8:07;987;771235;0.26;Horario;24217.07
1987-05-24;5:53;798;778236;0.76;Horario;9612.44
1983-04-18;21:47;147;322258;0.08;Horario;5140.68
1993-07-04;15:21;258;839916;0.78;Anti-Horario;23171.43
1988-10-11;9:50;369;572166;0.38;Horario;19028.11
2015-02-10;15:38;741;983783;0.28;Horario;26170.94
1998-05-31;20:52;852;715909;0.64;Anti-Horario;28327.1
2021-08-29;20:06;963;886460;0.36;Horario;2084.76
1988-10-25;6:41;753;922568;0.86;Horario;19882.04
2020-02-09;22:45;951;504582;0.86;Anti-Horario;16194.02
2019-07-01;17:21;456;345053;0.51;Anti-Horario;2382.02
1985-10-20;2:19;123;973005;0.78;Horario;21333.71
2015-01-18;14:50;654;658251;0.06;Horario;1451.23
1993-02-16;16:47;987;739596;0.24;Horario;9638.74
2008-03-20;20:35;798;689677;0.47;Anti-Horario;3716.51
1996-06-27;5:46;147;674079;0.97;Horario;13154.95
1991-06-09;18:53;258;815362;0.01;Horario;2339.37
2013-08-28;8:33;369;682755;0.4;Horario;30219.21
1996-12-20;23:42;741;572382;0.94;Anti-Horario;23143.46
2005-11-24;6:04;852;688090;0.07;Anti-Horario;5730.47
1987-04-04;5:40;963;363625;0.69;Horario;30800.18
2006-01-15;3:31;753;774765;0.3;Horario;24906.02
1995-09-29;4:55;951;877807;0.73;Horario;20462.93
2016-09-02;23:18;456;591429;0.58;Anti-Horario;20473.19
1996-02-13;0:48;123;765963;0.1;Horario;33451.19
2007-06-12;4:43;654;888662;0.83;Horario;16699.75
2000-07-12;8:02;987;490843;0.24;Horario;8208.58
1992-01-06;5:44;798;525828;0.43;Horario;16168.92
2008-06-02;22:30;147;568733;0.5;Anti-Horario;34098.02
1995-08-12;20:07;258;493506;0.73;Anti-Horario;16241.59
1984-08-12;22:14;369;330377;0.16;Horario;17654.06
2004-04-20;21:10;741;329230;0.53;Anti-Horario;23182.8
1995-08-26;1:57;852;964389;0.03;Anti-Horario;9509.21
2001-12-29;4:35;963;902288;0.44;Anti-Horario;7649.2
2017-03-29;14:57;753;597281;0.68;Horario;29593.69
2004-03-22;16:28;951;683269;0.6;Anti-Horario;16997.96
2003-10-23;4:33;456;500566;0.64;Horario;27883.9
2001-11-27;11:15;123;785422;0.99;Anti-Horario;10262.97
2011-07-26;20:05;654;507217;0.93;Anti-Horario;22012.14
2017-11-20;2:33;987;702136;0.14;Anti-Horario;20140.29
1995-10-20;21:50;798;465462;0.26;Horario;21590.94
1997-09-02;9:59;147;870670;0.64;Anti-Horario;30312.01
2003-11-24;16:20;258;572365;0.94;Horario;22789.98
1982-06-25;5:26;369;642045;0.31;Horario;12329.41
1991-09-27;19:26;741;735261;0.52;Anti-Horario;33320.97
2017-10-23;17:26;852;922339;0.26;Anti-Horario;1025.36
2020-10-02;7:44;963;748723;0.9;Anti-Horario;10989.62
2007-12-25;17:37;753;342624;0.34;Anti-Horario;19498.9
2021-11-02;12:38;951;505579;0.13;Anti-Horario;9464.63
2014-01-24;10:36;654;350579;0.53;Anti-Horario;21276.14
1999-12-21;13:01;987;961168;0.87;Anti-Horario;3047.94
2008-07-22;16:44;798;963918;0.71;Horario;2602.01
2021-06-15;23:33;147;648904;0.39;Anti-Horario;2303.83
1990-10-25;21:14;258;578352;0.77;Anti-Horario;7372.2
1991-05-10;17:12;369;872431;0.32;Anti-Horario;10987.34
2021-04-09;3:31;741;339609;0.91;Anti-Horario;349.87
2013-04-17;22:55;852;669676;0.8;Horario;21852.36
2012-12-06;21:10;963;957925;0.61;Anti-Horario;25974.84
2005-08-28;6:53;753;489858;0.76;Anti-Horario;21019.43
2018-12-19;15:53;951;976390;0.6;Anti-Horario;34608.13
1989-11-27;7:29;456;529292;0.44;Anti-Horario;11235.25
2016-07-23;13:32;123;476571;0.74;Horario;895.94
2007-07-17;13:17;654;893638;0.98;Anti-Horario;1324.46
1985-04-23;17:19;987;872611;0.44;Horario;6750.07
1992-10-10;9:42;798;698195;0.95;Anti-Horario;10924.78
2020-12-07;4:23;147;940998;0.23;Horario;11029.34
2007-12-05;3:19;258;473391;0.47;Horario;16615.28
2010-09-30;8:22;369;911005;0.46;Anti-Horario;33233
1998-12-21;9:13;741;474757;0.73;Horario;13722.48
2007-09-29;4:50;852;679015;0.04;Anti-Horario;902.9
1984-06-18;7:36;963;711624;0.78;Anti-Horario;13924.06
2000-07-06;7:46;753;887893;0.46;Horario;986.86
1993-08-25;15:17;951;485721;0;Anti-Horario;1601.61
2000-02-19;8:48;456;448933;0.13;Anti-Horario;11752.16
2009-11-12;2:12;123;844417;0.99;Horario;32787.65
2008-07-13;6:56;654;717066;0.8;Horario;26372.33
1991-02-26;21:10;987;903519;0.13;Anti-Horario;19357.19
1994-08-30;20:37;798;713664;0.07;Anti-Horario;18796
1991-03-07;17:41;147;845716;0.55;Anti-Horario;24989.21
2012-09-18;12:42;258;436691;0.07;Anti-Horario;11410.84
2004-07-31;3:25;369;947124;0.3;Anti-Horario;183.98
1999-03-30;7:07;741;493204;0.06;Horario;27907.43
2008-12-06;7:37;852;801232;0.75;Anti-Horario;16896.91
1997-08-11;17:20;963;615660;0.41;Horario;9618.84
1994-09-29;1:18;753;640002;0.4;Horario;4958.2
2011-01-11;8:36;951;753694;0.47;Horario;13286.98
2003-01-08;21:22;456;811802;0.07;Anti-Horario;33985.35
1988-12-29;20:23;123;403457;0.84;Anti-Horario;16384.68
2011-06-19;4:25;654;774584;0.73;Horario;30728.21
1992-10-04;6:31;987;795209;0.2;Anti-Horario;25664.43
2002-05-20;23:40;798;387703;0.13;Anti-Horario;19406.98
1999-09-28;22:12;147;926724;0.48;Anti-Horario;21994.97
1989-10-27;11:01;258;436287;0.38;Anti-Horario;837.13
2014-09-26;22:13;369;957166;0.41;Horario;9001.7
1989-06-10;7:39;741;963105;0.66;Horario;19930.39
1988-12-23;22:40;852;615196;0.42;Anti-Horario;31867.6
2002-11-16;2:31;963;802929;0.54;Horario;21548.98
1984-08-31;21:40;753;637716;0.6;Anti-Horario;7063.18
2007-08-14;9:26;951;408654;0.52;Horario;16678.25
1984-04-02;15:58;654;852706;0.72;Horario;30177.39
1983-04-18;12:00;987;600276;0.61;Horario;11943.09
1990-03-18;16:46;798;368030;0.68;Horario;17868.8
2009-04-20;14:59;147;420766;0.38;Anti-Horario;28419.3
2010-07-30;4:07;258;860144;0.97;Horario;20941.72
1990-01-16;8:17;369;339643;0.1;Anti-Horario;23454.51
1999-10-20;19:14;741;908174;0.67;Anti-Horario;28837.2
1995-09-02;8:27;852;911395;0.08;Anti-Horario;14844.92
1998-02-18;16:13;963;965494;0.91;Anti-Horario;24466.75
2004-06-14;11:14;753;755509;0.1;Horario;27895.87
1996-01-30;9:52;951;845379;0.32;Horario;4515.37
2010-11-27;16:30;456;692804;0.92;Anti-Horario;13303.54
2019-04-21;0:38;123;925980;0.91;Horario;15539.75
2003-03-12;5:42;654;975543;0.21;Horario;3169.3
1982-02-24;22:37;987;728545;0.73;Anti-Horario;3821.2
2006-12-21;1:44;798;700928;0.18;Anti-Horario;6013.69
1997-09-17;14:29;147;865236;0.15;Anti-Horario;4058.76
1997-09-25;2:45;258;918975;0.59;Anti-Horario;33940.61
2021-03-15;15:56;369;691991;0.83;Anti-Horario;10090.96
2010-07-09;18:31;741;868516;0.59;Horario;17563.94
2006-04-17;12:31;852;984112;0.68;Horario;22570.09
2004-05-09;20:28;963;647270;0.9;Horario;3033.61
2012-05-05;1:33;753;468308;0.85;Horario;28515.81
1998-02-14;21:09;951;468553;0.72;Anti-Horario;20009.83
1983-03-09;3:46;456;494799;0.17;Anti-Horario;21206.73
1984-02-08;0:35;123;505951;0.34;Anti-Horario;12208.29
1982-05-18;13:18;654;539633;0.51;Anti-Horario;15405.06
2014-10-10;5:59;987;700289;0.11;Anti-Horario;26612.3
1994-11-08;17:32;798;703512;0.21;Horario;16413.98
1995-02-02;23:30;147;793547;0.98;Anti-Horario;10823.53
1992-11-05;2:48;258;426313;0.43;Anti-Horario;25048.22
2007-05-22;3:50;369;433946;0.6;Anti-Horario;10801.95
2005-09-23;11:22;741;441434;0.45;Horario;26974.73
1994-05-28;10:21;852;652341;0.9;Horario;14288.39
2001-12-21;18:21;963;950633;0.06;Anti-Horario;7641.22
2013-01-16;8:06;753;730173;0.64;Anti-Horario;13720.39
2000-06-27;10:41;951;675278;0.15;Anti-Horario;10516.51
2017-06-21;3:20;456;736735;0.85;Horario;14189.11
1991-04-19;7:25;123;912719;0.41;Anti-Horario;7581.36
1999-12-22;0:43;654;707999;0.98;Horario;1821.25
2018-06-10;10:17;987;486488;0.42;Horario;13639.23
1997-01-23;9:26;798;418806;0.6;Horario;28807.31
1989-03-30;16:41;147;951709;0.04;Horario;13884.94
2005-11-18;23:53;258;824912;0.02;Anti-Horario;31218.51
2013-01-03;17:03;369;970332;0.79;Horario;13609.74
1999-01-02;4:53;741;608477;0.9;Anti-Horario;26309.22
1984-02-28;19:34;852;817986;0.09;Anti-Horario;3620.37
1987-07-12;20:00;963;845234;0.76;Horario;2443.03
1989-08-18;10:04;753;574868;0.44;Anti-Horario;4079.44
2011-11-24;19:08;951;870975;0.34;Horario;10366.29
2004-06-10;19:00;654;978760;0.4;Anti-Horario;4737.92
2021-05-18;21:24;654;636223;0.77;Horario;3733.73
1997-07-30;11:20;987;878682;0.32;Anti-Horario;1999.38
2003-04-06;23:58;798;529226;0.75;Anti-Horario;18568.63
2020-06-27;1:47;147;980589;0.71;Horario;16067.25
2004-04-12;7:04;258;383460;0.3;Anti-Horario;32693.58
1987-02-16;23:34;369;569150;0.15;Anti-Horario;28315.8
1986-07-08;18:06;741;539501;0.62;Horario;13265.05
2018-12-22;10:49;852;906743;0.23;Horario;21225.32
1995-07-26;23:11;963;464918;0.58;Anti-Horario;14796.91
1999-09-06;11:13;753;842942;0.99;Anti-Horario;28433.39
2001-07-28;19:43;951;662483;0.73;Anti-Horario;29358.04
1992-04-29;1:17;456;826790;0.14;Anti-Horario;20657.49
2002-12-10;9:45;123;410165;0.39;Anti-Horario;32367.89
2000-12-20;19:54;654;904028;0.36;Anti-Horario;23465.29
2002-02-26;11:56;987;438305;0.78;Anti-Horario;27427.56
2017-07-25;20:20;798;425043;0.69;Horario;18509.85
2017-11-17;14:16;147;356391;0.56;Anti-Horario;10961.27
1992-02-10;9:49;258;776047;0.2;Horario;16079.09
2014-10-25;18:05;369;887210;0.22;Horario;30912.49
2008-11-14;0:51;741;805425;0.63;Horario;11329.09
1988-12-11;15:01;852;538466;0.85;Anti-Horario;30218.13
1994-03-25;13:18;963;955526;0.01;Anti-Horario;15720.33
2014-02-16;3:36;753;953572;0.06;Anti-Horario;34489.99
1989-08-17;8:27;951;716736;0.94;Anti-Horario;24367.25
1996-07-20;15:28;456;472216;0.41;Anti-Horario;19808.03
2013-10-22;6:03;123;519479;0.56;Horario;24694.8
1992-12-08;8:58;654;803604;0.78;Anti-Horario;5201.86
1989-02-02;6:40;987;391453;0.11;Horario;17609.1
2017-02-12;16:41;798;769902;0.11;Horario;24722.05
1997-05-30;4:30;147;467130;0.26;Horario;32413.3
2021-05-12;10:44;258;464522;0.46;Anti-Horario;19584.26
2004-04-04;16:48;369;634187;0.24;Horario;20414.22
1997-05-28;10:16;741;418863;0.77;Horario;12214.49
2016-02-20;0:45;852;753136;0.65;Anti-Horario;9503.79
2009-02-12;17:14;963;355663;0.18;Anti-Horario;21740.52
1986-08-12;15:47;753;946302;0.54;Anti-Horario;8458.46
2001-04-30;22:01;951;710693;0.21;Horario;34759.07
1997-10-07;8:00;456;908135;0.23;Horario;10692.28
1994-03-02;11:33;123;731703;0.22;Anti-Horario;31176.85
2005-01-12;18:01;654;590680;0.69;Horario;33307.46
2009-09-28;16:00;987;743610;0.21;Horario;10052.52
1996-02-14;3:21;798;511070;0.3;Anti-Horario;13972.17
1988-10-04;13:43;147;918762;0.68;Anti-Horario;6217.14
2014-04-22;16:08;258;478160;0.44;Anti-Horario;21021.92
2004-10-30;13:58;369;640310;0.93;Anti-Horario;26614.22
2011-12-06;11:09;741;892162;0.6;Horario;24857.4
1991-08-19;6:47;852;330124;0.58;Horario;23673.27
1994-02-09;2:01;963;869806;0.94;Anti-Horario;5453.08
2020-12-26;16:31;753;525211;0.35;Anti-Horario;1247.05
2014-02-12;11:40;951;617473;0.42;Horario;11773.36
2009-11-07;16:53;654;944587;0.54;Horario;21028.47
2006-03-31;5:32;987;861370;0.66;Horario;27330.03
2016-05-09;17:53;798;881885;0.88;Anti-Horario;288.22
1990-04-19;9:55;147;913679;0.32;Anti-Horario;33733.76
2015-09-13;18:42;258;522476;0.72;Horario;24081.78
1989-07-21;3:48;369;743907;0.11;Horario;25113.89
2000-07-31;16:00;741;689899;0.8;Horario;30115.98
2016-12-16;8:40;852;896724;0.65;Horario;28284.89
2001-12-27;22:09;963;726666;0.35;Anti-Horario;16888.73
2000-09-10;18:59;753;434432;0.1;Horario;29573.06
1996-06-07;5:37;951;816171;0.16;Horario;23699.26
1988-07-28;5:23;456;783176;0.46;Horario;8563.8
1987-01-09;23:11;123;615293;0.65;Horario;18920.31
2011-03-31;8:20;654;399238;0.21;Horario;3708.06
2004-01-28;6:28;987;787258;0.12;Horario;17564.35
2018-12-08;14:07;798;402766;0.76;Anti-Horario;13411.52
2001-02-13;18:02;147;338471;0.78;Horario;16864
1997-12-27;14:42;258;383862;0.78;Horario;15924.18
2011-11-19;18:54;369;731213;0.12;Anti-Horario;26803.92
2001-07-21;1:06;741;971034;0.14;Horario;6901.43
1982-03-27;23:06;852;514866;0.72;Horario;34884.92
1990-01-18;12:18;963;631894;0.88;Horario;25353.29
1992-02-11;4:29;753;335653;0.24;Anti-Horario;7605.8
1992-03-22;1:08;951;639280;0.01;Horario;11008.19
1990-06-18;9:12;456;651985;0.77;Horario;267.77
2020-07-20;17:25;123;734347;0.81;Horario;21497.6
2001-11-08;23:02;654;877298;0.62;Anti-Horario;7988.82
1984-09-04;4:30;987;368361;0.79;Anti-Horario;6906.08
1992-08-12;9:22;798;732040;0.08;Anti-Horario;3304.4
1983-07-24;12:24;147;804311;0.65;Horario;20202.44
2001-01-03;15:16;258;637155;0.19;Horario;32414.15
1986-10-24;13:30;369;452201;0.47;Horario;15297.07
2020-05-21;18:13;741;982864;0.79;Horario;12273.61
1984-01-15;4:24;852;866453;0.06;Horario;33681.12
2009-01-27;1:52;963;442093;0.32;Anti-Horario;24880.14
2017-04-22;10:12;753;979536;0.68;Anti-Horario;26987.34
2000-07-01;7:50;951;419595;0.34;Anti-Horario;27516.39
2005-06-08;10:01;456;753666;0.09;Anti-Horario;6340.76
1998-08-26;5:19;123;908155;0.45;Anti-Horario;10224.27
1996-05-25;9:04;654;553670;0.54;Horario;168.06
2006-01-20;16:25;987;481180;0.56;Anti-Horario;34498.9
2016-03-30;6:30;798;688074;0.02;Anti-Horario;1794.98
2000-03-07;15:22;147;914853;0.04;Anti-Horario;3178.33