dia;hora;esta_id_nave_clase;esta_id_nave_matricula;esta_id_orbita_exc;esta_id_sentido;esta_id_altura
1976-07-04;22:45;654;524141;0.43;Horario;25156.9
1976-05-02;14:02;987;627932;0.35;Anti-Horario;12875.89
1980-05-15;10:50;798;355188;0.64;Horario;32646.29
1977-05-26;19:26;147;632349;0.45;Anti-Horario;17309.6
1976-09-11;12:37;258;584581;0.02;Horario;7279.97
1979-09-02;5:38;369;443447;0.47;Horario;33367.35
1980-09-10;0:42;741;526524;0.57;Horario;9643.61
1979-01-20;0:58;852;411580;0.02;Anti-Horario;17454.72
1979-09-29;5:19;963;807305;0.05;Anti-Horario;29207.98
1978-03-07;23:26;753;699496;0.12;Anti-Horario;28663.92
1977-05-31;15:58;951;885465;0.51;Anti-Horario;11866.38
1978-12-14;13:02;456;956125;0.1;Horario;26059.25
1979-10-17;1:08;123;513947;0.15;Horario;20337.13
1979-08-20;11:58;654;973065;0.68;Horario;2431.81
1979-10-03;19:52;987;346507;0.59;Anti-Horario;7205.76
1977-03-17;10:17;798;975516;0.74;Horario;10601.17
1976-04-19;10:25;147;534664;0.9;Horario;8019.01
1977-01-11;8:51;258;413872;0.72;Horario;32044.91
1978-12-26;15:09;369;903050;0.8;Anti-Horario;28765.03
1979-12-26;2:43;741;730727;0.92;Anti-Horario;27722.09
1977-06-13;6:19;852;691852;0.18;Horario;32813.06
1979-03-31;10:41;963;586583;0.95;Horario;17239.17
1979-06-26;23:53;753;327338;0.06;Anti-Horario;19596.36
1980-02-21;18:43;951;467129;0.4;Horario;26206.9
1978-11-27;14:12;456;570508;0.33;Horario;31457.1
1976-08-21;13:50;123;747079;0.99;Anti-Horario;6104.41
1979-05-11;2:24;654;947781;0.73;Anti-Horario;8767.24
1976-05-23;8:51;987;711116;0.29;Anti-Horario;27519.61
1977-07-24;4:47;798;775245;0.12;Anti-Horario;3354.53
1977-01-24;13:55;147;803713;0.51;Anti-Horario;1334.28
1976-02-14;21:11;258;943874;0.68;Horario;34922.45
1977-12-15;13:02;369;685371;0.52;Anti-Horario;27523.28
1977-10-12;10:10;741;646088;0.29;Horario;34459.99
1976-11-21;21:23;852;443182;0.45;Horario;5422.13
1977-02-18;0:11;963;813227;0.43;Anti-Horario;15901.13
1977-07-10;15:22;753;841581;0.98;Horario;18336.15
1978-03-16;7:11;951;711553;0.2;Anti-Horario;30365.8
1978-06-22;0:11;456;382237;0.09;Horario;16140.77
1979-11-29;21:11;123;744330;0.74;Horario;34990.25
1979-12-05;14:48;654;423735;0.68;Anti-Horario;1919.52
1979-04-21;22:52;987;781570;0.92;Anti-Horario;3414.58
1978-07-05;20:08;798;660139;0.08;Anti-Horario;14362.13
1977-11-26;3:52;147;572763;0.95;Horario;28929.6
1978-12-22;2:41;258;873074;0.86;Anti-Horario;22770.66
1978-03-26;2:49;369;495608;0.98;Anti-Horario;12639.22
1977-10-23;4:22;741;466798;0;Anti-Horario;12536.21
1980-02-16;9:47;852;597735;0.21;Anti-Horario;8034.41
1980-05-05;14:16;963;655316;0.86;Anti-Horario;22027.63
1980-05-08;5:18;753;402173;0.17;Anti-Horario;19713.75
1976-09-09;9:28;951;730349;0.28;Horario;23841.54
1977-01-15;20:06;654;371478;0.25;Horario;34048.41
1979-04-02;4:23;987;525095;0.93;Horario;273.54
1976-07-13;11:30;798;361053;0.39;Horario;19136.64
1978-12-05;10:00;147;389453;0.75;Horario;18753.71
1980-09-14;2:53;258;909559;0.24;Horario;18629.6
1976-11-03;1:04;369;399655;0.21;Anti-Horario;7848.86
1976-01-19;6:10;741;814432;0.56;Anti-Horario;7616
1980-06-23;21:59;852;506549;0.81;Anti-Horario;14147.48
1979-01-13;16:58;963;912692;0.45;Anti-Horario;8528.77
1979-01-17;15:02;753;872685;0.03;Anti-Horario;17738.71
1979-03-04;10:47;951;945521;0.35;Horario;9528.27
1979-02-22;12:02;456;730570;0.15;Anti-Horario;30200.03
1977-12-14;18:49;123;735902;0.25;Anti-Horario;33026.43
1979-02-04;7:57;654;860124;0.87;Anti-Horario;2387.62
1976-06-07;3:25;987;829556;0.73;Horario;32951.62
1976-06-05;22:57;798;596969;0.99;Anti-Horario;34469.48
1979-05-28;5:49;147;955658;1;Anti-Horario;30165.25
1979-10-05;2:21;258;367597;0.36;Anti-Horario;22087.32
1980-07-06;11:18;369;871481;0.83;Anti-Horario;1780.86
1980-02-14;0:59;741;634841;0.06;Anti-Horario;21387.54
1978-06-30;23:25;852;843755;0.91;Horario;15840.12
1977-02-20;0:17;963;888210;0.84;Horario;212.47
1980-03-27;23:41;753;480076;0.36;Horario;22333.49
1977-09-21;3:59;951;919380;0.37;Anti-Horario;15237.66
1978-09-21;9:39;456;866518;0.51;Anti-Horario;5342.9
1979-03-22;5:02;123;451735;0.28;Horario;18390.35
1979-02-17;8:01;654;810343;0.36;Horario;28960.76
1975-12-13;17:13;987;474316;0.08;Horario;25709.46
1980-11-28;0:08;798;984332;0.75;Horario;18435.56
1980-08-27;1:16;147;609394;0.99;Horario;26436.75
1978-06-24;17:57;258;421851;0.23;Anti-Horario;18325.96
1978-03-14;18:57;369;666228;0.81;Anti-Horario;7807.09
1979-03-17;10:45;741;619766;0.39;Anti-Horario;29784.7
1977-06-24;4:21;852;959788;0.81;Anti-Horario;21214.96
1979-03-04;11:46;963;869771;0.56;Horario;6332.71
1980-03-06;15:21;753;782355;0.01;Horario;33151.24
1976-09-28;0:47;951;633785;0.6;Horario;1637.55
1977-10-31;10:51;456;554155;0.88;Horario;19933.81
1976-11-18;0:22;123;958150;0.01;Anti-Horario;6327.32
1975-12-16;13:05;654;471140;0.32;Horario;29048.37
1980-05-07;6:05;987;475171;0.25;Horario;3852.69
1977-09-29;2:35;798;654674;0.59;Anti-Horario;17556.12
1980-03-01;19:12;147;707457;0.47;Anti-Horario;3415.66
1977-04-21;17:01;258;383920;0.34;Anti-Horario;15674.09
1980-08-02;3:45;369;634955;0.03;Anti-Horario;4560.51
1976-06-11;16:33;741;897503;0.67;Anti-Horario;19206.47
1976-09-13;21:57;852;528714;0.53;Anti-Horario;12409.82
1980-04-10;11:26;963;643195;0.96;Anti-Horario;6313.28
1979-08-10;19:04;753;905330;0.82;Anti-Horario;5008.91
1978-09-10;5:00;951;415075;0.86;Anti-Horario;7297.49
1980-09-11;8:11;654;552363;0.47;Horario;18273.16
1980-01-14;1:32;654;447869;0.24;Horario;29427.61
1976-05-23;23:09;987;665627;0.15;Horario;15991.49
1977-04-04;5:26;798;692695;0.77;Horario;32498.74
1976-11-06;13:16;147;372756;0.43;Horario;20438.69
1977-07-26;0:52;258;805246;0.51;Horario;4857.02
1980-12-03;20:15;369;823343;0.2;Horario;28167.28
1979-10-05;20:45;741;656902;0.46;Anti-Horario;12459.95
1976-07-12;11:56;852;655030;0.45;Anti-Horario;15841.88
1978-09-09;1:28;963;782505;0.64;Anti-Horario;1873.86
1980-02-16;12:06;753;392849;0.72;Horario;31043.25
1976-03-09;9:49;951;597951;0.85;Anti-Horario;15556.01
1980-03-15;15:33;456;787854;0.46;Horario;2534.57
1978-09-10;17:16;123;485206;0.28;Anti-Horario;839.54
1980-11-22;22:45;654;902198;0.78;Horario;34914.55
1979-11-20;16:44;987;502165;0.32;Horario;29822.62
1979-06-22;11:09;798;611679;0.03;Anti-Horario;30775.12
1976-01-18;12:37;147;695833;0.09;Horario;6067.31
1980-06-12;16:46;258;984198;0.54;Horario;33217.12
1978-04-04;5:13;369;883390;0.79;Anti-Horario;29062.38
1976-09-03;18:22;741;805169;0.33;Horario;1867.7
1977-03-28;8:27;852;430939;0.91;Horario;34775.64
1980-09-13;16:34;963;946995;0.91;Horario;17664.28
1978-04-15;23:37;753;434302;0.79;Horario;15929.49
1978-03-04;22:17;951;335688;0.63;Anti-Horario;21781.91
1979-06-05;15:00;456;663840;0.41;Anti-Horario;3859.51
1979-06-22;3:22;123;502946;0.87;Anti-Horario;27872.59
1976-04-28;22:59;654;745355;0.17;Horario;26703.83
1977-07-07;21:39;987;886545;0.89;Anti-Horario;13097.18
1980-10-26;20:17;798;747946;0.42;Horario;12550.82
1978-09-18;9:42;147;598787;0.93;Horario;14594.22
1979-07-02;0:08;258;406259;0.95;Anti-Horario;12296.5
1978-08-22;6:51;369;977787;0.05;Horario;26249.38
1976-04-02;14:06;741;888082;0.39;Anti-Horario;26764.45
1977-07-29;0:44;852;681167;0.91;Anti-Horario;17216.59
1978-10-26;7:29;963;344628;0.92;Anti-Horario;30200.2
1980-01-04;8:51;753;433904;0.77;Anti-Horario;4253.9
1980-10-30;18:39;951;436571;0.21;Anti-Horario;11711.24
1976-10-13;19:34;456;660361;0.84;Horario;34840.84
1979-08-30;9:49;123;421634;0;Horario;17528.05
1979-02-12;8:35;654;831072;0.9;Horario;28909.29
1978-07-21;5:29;987;433920;0.78;Horario;8616.19
1976-03-06;4:24;798;502159;0.27;Horario;1888.3
1976-03-15;16:55;147;818940;0.29;Horario;2940.03
1979-01-07;5:05;258;375552;0.01;Anti-Horario;33690.01
1976-01-30;11:57;369;491996;0.12;Horario;28959.35
1979-04-27;18:04;741;916196;0.17;Anti-Horario;30058.28
1978-04-06;6:40;852;936320;0.68;Anti-Horario;25425.52
1976-12-21;9:58;963;795041;0.06;Anti-Horario;15789.04
1980-01-14;23:19;753;756597;0.5;Horario;30019.48
1978-09-08;14:43;951;702505;0.12;Anti-Horario;31757.82
1979-05-11;7:43;654;829487;0.64;Horario;27806.18
1978-01-31;22:20;987;627191;0.23;Anti-Horario;23604.68
1980-11-07;5:01;798;343186;0.96;Horario;18760.89
1975-12-12;2:57;147;399709;0.91;Anti-Horario;31813.72
1977-06-05;2:07;258;683626;0.6;Horario;4092.18
1977-05-03;2:08;369;586442;0.02;Anti-Horario;31814.94
1979-01-25;7:01;741;535947;0.54;Anti-Horario;3749.42
1976-12-25;22:12;852;376916;0.69;Horario;14735.46
1979-01-23;22:35;963;508480;0.5;Anti-Horario;12209.75
1977-04-09;23:04;753;838210;0.74;Horario;15340.47
1978-10-26;1:46;951;929249;0.88;Horario;27291.36
1977-11-14;19:19;456;757907;0.32;Anti-Horario;19040.38
1979-05-08;18:08;123;606211;0.8;Horario;33762.48
1977-07-08;19:33;654;679319;0.73;Anti-Horario;31879.85
1980-10-25;23:14;987;701382;0.33;Anti-Horario;11749.28
1978-06-10;2:33;798;395559;0.38;Anti-Horario;34606.56
1977-12-27;2:21;147;665493;0.93;Anti-Horario;6111.36
1978-02-03;10:12;258;488055;0.67;Horario;16931.08
1977-04-09;13:44;369;411334;0.41;Horario;1813.28
1977-02-11;23:53;741;576589;0.16;Horario;7069.91
1979-11-26;23:49;852;825592;0.06;Anti-Horario;20716.68
1979-02-15;15:55;963;862025;0.28;Anti-Horario;23197.04
1979-06-01;23:34;753;380786;0.33;Anti-Horario;29105.15
1976-09-03;12:43;951;697911;0.56;Horario;26491.62
1978-08-01;0:36;456;700417;0.75;Horario;27707.77
1980-09-20;3:49;123;778240;0.62;Anti-Horario;12383.78
1977-08-01;3:13;654;811492;0.02;Horario;12983.14
1980-07-31;12:13;987;756499;0.79;Horario;20423.89
1980-01-03;9:22;798;452476;0.96;Anti-Horario;27588.79
1976-06-16;10:47;147;504523;0.87;Anti-Horario;12004.29
1978-04-28;17:15;258;476967;0.94;Anti-Horario;2115.84
1977-05-18;18:11;369;593412;0.41;Anti-Horario;5360.67
1976-08-29;23:48;741;884211;0.38;Horario;20731.16
1980-08-02;13:28;852;550681;0.83;Anti-Horario;16952.41
1979-03-21;14:12;963;344846;0.59;Anti-Horario;168.25
1978-09-07;0:36;753;722021;0.08;Anti-Horario;1902.35
1979-06-03;20:54;951;523152;0.94;Horario;19810.89
1977-12-04;23:07;456;591822;0.38;Anti-Horario;6747.39
1976-01-06;16:42;123;345052;0.84;Anti-Horario;21939.87
1977-09-23;5:04;654;424949;0.57;Anti-Horario;1828.25
1978-02-27;20:26;987;480015;0.48;Horario;9354.27
1978-07-18;4:42;798;721712;0.96;Horario;29458.47
1978-11-11;23:41;147;918887;0.16;Horario;28653.27
1980-11-06;2:24;258;761059;0.06;Anti-Horario;19967.54
1979-09-21;14:31;369;623945;0.26;Horario;17016.06
1980-05-06;13:14;741;383695;0.23;Horario;2334.4
1979-10-07;18:34;852;894103;0.8;Horario;10430.29
1979-07-16;2:14;963;795380;0.85;Horario;10165.72
1980-01-07;13:23;753;634314;0.49;Horario;27396
1978-03-19;10:56;951;617322;0.45;Anti-Horario;13404.83
1979-11-22;0:36;951;610747;0.6;Horario;20260.92
1980-07-11;17:54;654;456957;0.65;Horario;17892.08
1977-01-12;2:37;987;614284;0.78;Anti-Horario;31841.12
1976-05-17;19:15;798;878056;0.89;Horario;30040.55
1980-09-10;9:34;147;917678;0.64;Horario;12794.27
1976-08-28;14:40;258;492902;0.87;Anti-Horario;17497.77
1979-10-16;21:20;369;780029;0.57;Horario;25963.22
1976-06-17;21:00;741;619175;0.78;Horario;11558.58
1977-06-30;1:47;852;323771;0.4;Horario;13445.02
1977-06-08;11:30;963;760717;0.92;Anti-Horario;30592.64
1977-06-15;22:36;753;794228;0.69;Horario;32899.57
1977-08-26;9:44;951;498238;0.17;Horario;32348.63
1978-02-03;9:33;456;591773;0.16;Horario;18903.92
1980-02-28;0:59;123;619846;0.73;Anti-Horario;29173.44
1979-08-07;23:22;654;792005;0.63;Horario;12267.14
1976-11-22;16:21;987;467294;0.86;Horario;25669.79
1977-03-02;8:16;798;821348;0.56;Horario;27189.49
1977-06-07;17:04;147;537805;0.2;Anti-Horario;1850
1978-02-17;1:12;258;671327;0.49;Anti-Horario;21530.62
1978-12-12;1:50;369;701247;0.02;Horario;7041.37
1979-10-17;20:42;741;840944;0.81;Horario;18135.77
1980-02-08;0:50;852;656373;0.8;Anti-Horario;30130.25
1980-11-06;13:03;963;769865;0.74;Anti-Horario;33035.39
1979-04-18;23:02;753;915162;0.97;Anti-Horario;23797.87
1980-05-01;23:14;951;955902;0.17;Anti-Horario;570.24
1979-09-30;6:02;456;368569;0.25;Anti-Horario;2673.13
1978-07-05;5:52;123;389240;0.26;Anti-Horario;16222.54
1980-08-01;9:01;654;688606;0.5;Horario;1949.6
1978-12-25;16:28;987;755829;0.46;Anti-Horario;2779.51
1980-02-08;3:23;798;345056;0.43;Anti-Horario;21895.69
1979-08-23;19:49;147;838447;0.16;Horario;9631.94
1978-09-07;6:30;258;691770;0.46;Anti-Horario;17214.9
1977-04-12;6:24;369;468315;0.94;Horario;16442.74
1978-02-10;13:46;741;919377;0.87;Anti-Horario;17465.31
1977-08-21;14:20;852;617000;0.14;Horario;8497.49
1977-05-06;11:04;963;673597;0.26;Horario;20121.24
1979-11-14;19:36;753;600820;0.08;Horario;11267.39
1977-05-09;0:44;951;935579;0.47;Horario;848.1
1976-07-21;21:59;456;858534;0.29;Horario;12010.23
1976-10-13;18:25;123;939925;0.93;Anti-Horario;33578.92
1979-05-26;14:56;654;570443;0.39;Anti-Horario;15386.5
1976-05-07;18:01;987;579717;0.68;Anti-Horario;5791.91
1978-07-25;9:11;798;723861;0.82;Anti-Horario;26299.72
1978-04-14;4:30;147;375024;0.32;Horario;21621.49
1980-07-21;18:58;258;784541;0.77;Anti-Horario;18915.27
1976-09-04;16:50;369;821020;0.34;Horario;26742.25
1977-05-01;19:38;741;357977;0.57;Anti-Horario;10368.18
1977-08-07;20:11;852;569622;0.12;Anti-Horario;5999.09
1980-12-02;4:43;963;771867;0.93;Anti-Horario;12036.66
1979-09-19;3:33;753;575090;0.86;Anti-Horario;2412.77
1978-06-19;3:53;951;870231;0.52;Horario;10363.42
1976-01-17;11:38;654;338327;0.07;Anti-Horario;525.15
1977-03-26;10:41;987;513013;0.07;Anti-Horario;34382.39
1976-02-05;17:20;798;662783;0.51;Anti-Horario;32455.14
1980-09-28;9:33;147;972299;0.57;Horario;11670.31
1976-12-15;14:58;258;341433;0.96;Anti-Horario;17448.74
1979-08-30;3:11;369;384125;0.68;Anti-Horario;7317.08
1979-01-25;7:42;741;882259;0.61;Anti-Horario;23529.18
1978-09-14;4:59;852;651562;0.27;Anti-Horario;28790.42
1980-09-14;4:13;963;407034;0.83;Horario;8611.22
1979-01-28;10:18;753;849540;0.8;Anti-Horario;12345.94
1978-07-21;21:41;951;479305;0.68;Horario;21777.29
1979-01-23;18:51;456;951749;0.81;Anti-Horario;33610.97
1976-09-30;18:31;123;565602;0.48;Horario;33054.84
1980-08-09;11:35;654;935189;0.46;Horario;2482.2
1977-09-22;22:30;987;724468;0.12;Anti-Horario;2689.56
1978-01-22;18:49;798;547021;0.75;Horario;31619.73
1976-02-02;14:05;147;447105;0.07;Anti-Horario;32816.52
1977-11-16;18:30;258;738134;0.03;Anti-Horario;23401.09
1980-05-26;6:25;369;758323;0.64;Anti-Horario;10315.47
1978-03-22;8:50;741;610681;0.23;Horario;34582.76
1975-12-21;14:00;852;454390;0.5;Horario;34811.82
1978-05-17;0:44;963;945153;0.43;Horario;15465.19
1979-08-17;14:19;753;957245;0.91;Anti-Horario;13212.73
1978-10-19;18:53;951;618646;0.35;Horario;3231.83
1979-01-15;2:58;456;638866;0.55;Anti-Horario;34763.44
1980-06-04;3:13;123;514814;0.95;Anti-Horario;8459.3
1977-03-13;8:26;654;913367;0.31;Horario;34654.13
1978-10-10;11:31;987;343245;0.28;Anti-Horario;26743.91
1979-07-17;7:38;798;359862;0.33;Horario;24620.7
1978-07-28;23:11;147;914126;0.7;Anti-Horario;1337.18
1977-01-28;22:29;258;829755;0.42;Horario;3149.33
1979-06-10;12:50;369;657939;0.65;Anti-Horario;19308.94
1979-02-14;16:26;741;375059;0.45;Horario;17969.34
1980-01-17;13:42;852;822940;0.8;Anti-Horario;2409.85
1976-08-24;20:00;963;483538;0.33;Anti-Horario;13443.72
1977-12-28;20:52;753;955314;0.76;Horario;33095.39
1976-08-30;22:07;951;868219;0.26;Anti-Horario;16946.07
1976-03-22;21:31;456;563736;0.91;Anti-Horario;2225.78
1978-07-29;3:15;123;337848;0.43;Anti-Horario;13877.19
1980-07-14;9:56;654;887492;0.25;Horario;24709.79
1979-04-01;16:28;987;325338;0.49;Horario;18704.09
1979-02-04;15:36;798;868125;0.04;Horario;14766.86
1978-09-04;4:04;147;832179;0.31;Anti-Horario;11650.4
1979-10-26;8:28;258;830647;0.44;Anti-Horario;6300.31
1980-09-11;4:27;369;798655;0.8;Horario;11635.85
1977-05-30;19:27;741;909256;0.41;Horario;4052.54
1978-06-14;0:08;852;373180;0.86;Horario;12416.21
1978-12-27;21:10;963;579295;0.58;Horario;2694.23
1980-08-12;6:31;753;948359;0.85;Horario;20738.47
1976-10-16;13:11;951;641464;0.97;Horario;33136.7
1980-07-02;1:07;987;568344;0.54;Anti-Horario;28938.89
1980-01-23;15:04;654;343133;0.66;Horario;25313.61
1977-08-21;15:47;987;725559;0.59;Horario;23591.89
1975-12-14;21:00;798;371107;0.85;Anti-Horario;31924.11
1976-12-05;7:46;147;354380;0.86;Anti-Horario;25546.39
1977-07-06;2:42;258;615786;0.52;Horario;22833.6
1977-09-03;17:18;369;472558;0.93;Anti-Horario;11310.01
1976-03-03;13:17;741;586790;0.09;Horario;31808.98
1978-06-06;21:37;852;730981;0.35;Anti-Horario;34440.2
1975-12-19;13:52;963;794921;0.42;Horario;3403.94
1978-04-01;2:20;753;828974;0.56;Horario;3936.45
1979-01-08;21:36;951;448327;0.96;Horario;6994.53
1977-06-08;13:03;456;726472;0.43;Horario;24395.95
1978-07-22;9:38;123;522575;0.52;Anti-Horario;23277.99
1976-11-10;7:38;654;831314;0.64;Anti-Horario;27007.58
1979-02-18;10:55;987;694997;0.29;Horario;26936.07
1980-08-23;13:07;798;366171;0.67;Anti-Horario;25826.62
1977-03-12;1:31;147;611175;0.6;Anti-Horario;5088.41
1980-06-25;23:08;258;580677;0.31;Horario;25952.04
1976-02-20;19:54;369;390363;0.34;Anti-Horario;32826.24
1980-02-19;2:48;741;911703;0.86;Anti-Horario;12372.25
1980-05-07;9:43;852;566093;0.95;Horario;23986.67
1976-12-21;15:37;963;977363;1;Horario;103.78
1978-04-29;16:25;753;396683;0.33;Horario;8382.67
1976-01-05;10:24;951;574076;0.06;Horario;16825.82
1979-08-04;9:12;456;495605;0.39;Anti-Horario;5813.11
1977-05-23;20:57;123;770359;0.53;Horario;8079.3
1976-09-22;20:51;654;762124;0.19;Anti-Horario;19289.91
1980-03-20;17:39;987;865357;0.38;Anti-Horario;3595.83
1977-07-25;3:27;798;681958;0.17;Horario;33867.41
1976-04-20;8:01;147;972354;0.41;Horario;5905.83
1980-08-24;13:18;258;749348;0.19;Anti-Horario;28866.47
1978-10-09;22:06;369;766242;0.72;Horario;23089.65
1976-12-10;17:01;741;974838;0.4;Anti-Horario;22110.26
1978-02-10;22:26;852;920191;0.34;Anti-Horario;28119.28
1977-04-24;17:46;963;754883;0.57;Anti-Horario;4295.13
1979-11-27;16:20;753;589316;0.06;Horario;10672.51
1978-03-23;14:48;951;974802;0.89;Anti-Horario;3781.93
1979-08-14;15:43;456;638853;0.3;Horario;5463.81
1978-06-23;13:16;123;350561;0.76;Horario;33110.09
1978-01-05;1:21;654;481247;0.2;Anti-Horario;30838.07
1977-09-10;20:42;987;633145;0.44;Horario;29403.55
1977-08-26;0:43;798;812719;0.59;Horario;9137.99
1976-07-19;4:07;147;512162;0.88;Anti-Horario;10386.59
1977-03-01;9:09;258;932798;0.16;Anti-Horario;20126.19
1977-11-17;1:08;369;500010;0.53;Anti-Horario;1502.61
1976-03-07;3:07;741;395651;0.64;Horario;25784.6
1979-03-10;12:46;852;476418;0.93;Anti-Horario;9284.67
1979-08-11;17:11;963;346458;0.75;Anti-Horario;20153.04
1979-02-06;5:13;753;651590;0.53;Anti-Horario;26303
1976-01-12;20:11;951;947286;0.71;Anti-Horario;16932.12
1980-09-10;22:33;654;752044;0.22;Anti-Horario;34814.23
1976-11-27;9:31;987;347178;0.52;Anti-Horario;30968.35
1976-03-01;9:51;798;721823;0.8;Anti-Horario;17779.4
1978-02-18;2:21;147;650849;0.26;Horario;5874.24
1978-06-26;23:28;258;483585;0.88;Horario;5840.84
1980-04-02;1:08;369;915237;0.78;Anti-Horario;2186.19
1976-01-30;11:24;741;399139;0.39;Horario;29041.35
1976-11-05;1:49;852;466543;0.23;Anti-Horario;30194.63
1976-02-15;17:09;963;438021;0.85;Anti-Horario;23851.06
1980-01-18;8:55;753;788936;0.79;Horario;14024.63
1979-06-08;4:24;951;713144;0.26;Anti-Horario;662.2
1980-05-06;8:23;456;923929;0.01;Horario;26525.76
1977-04-13;8:57;123;706786;0.06;Anti-Horario;4066.25
1977-08-24;4:23;654;499600;0.48;Anti-Horario;4697.98
1980-07-21;19:11;987;786255;0.53;Horario;31705.01
1978-05-13;11:27;798;440881;0.13;Anti-Horario;18426.54
1980-01-05;19:36;147;815550;0.74;Horario;5778.19
1977-07-03;16:45;258;787017;0.26;Anti-Horario;9309.74
1979-03-02;1:21;369;543097;0.66;Horario;20383.3
1978-07-22;9:28;741;560812;0.21;Anti-Horario;9521.18
1979-06-23;15:35;852;882305;0.32;Horario;26626.42
1976-10-12;6:44;963;339930;0.05;Horario;18041.55
1978-10-20;19:11;753;712887;0.27;Anti-Horario;30623.21
1976-10-26;15:08;951;696663;0.78;Horario;22088.99
1978-03-25;21:14;456;435346;0.44;Anti-Horario;32985.01
1975-12-26;8:58;123;613174;0.6;Anti-Horario;29067.25
1978-01-12;15:55;654;464227;0.8;Horario;11380.45
1977-04-24;17:35;987;934565;0.02;Anti-Horario;14655.68
1976-07-09;21:38;798;626981;0.14;Horario;31643.66
1977-08-24;19:45;147;700057;0.44;Anti-Horario;14460.24
1977-11-29;14:51;258;903943;0.61;Anti-Horario;30387.34
1977-08-06;10:38;369;447453;0.24;Anti-Horario;32071.59
1976-06-14;10:25;741;800660;0.41;Anti-Horario;4335.42
1980-02-24;23:45;852;520783;0.46;Anti-Horario;30402.32
1976-05-01;1:30;963;788099;0.83;Horario;34620.9
1977-10-23;4:13;753;650599;0.65;Horario;5606.95
1980-05-29;22:29;951;868490;0.33;Anti-Horario;33108.05
1979-11-04;22:19;456;947651;0.8;Horario;6676.4
1978-08-11;14:08;123;446438;0.83;Horario;19553.71
1976-10-30;17:24;654;775608;0.62;Horario;5050.16
1977-10-20;2:30;987;876210;0.59;Anti-Horario;27452.29
1976-07-16;11:27;798;379826;0.04;Anti-Horario;15372.43
1979-04-30;3:31;147;719770;0.87;Horario;30593.11
1978-02-03;3:51;258;837091;0.25;Anti-Horario;4470.27
1979-11-05;5:45;369;777440;0.83;Anti-Horario;21571.82
1977-02-03;23:27;741;547423;0.8;Horario;30461.71
1980-04-14;9:40;852;488493;0.5;Anti-Horario;28451.76
1978-07-16;11:53;963;805055;0.1;Anti-Horario;6693.36
1978-05-01;0:27;753;714766;1;Horario;26456.02
1976-12-12;13:46;951;679906;0.77;Horario;25951.72
1978-02-04;12:27;654;462045;0.42;Anti-Horario;16961.75
1978-10-27;9:56;987;970166;0.93;Anti-Horario;2768.31
1976-10-28;16:54;798;843784;0.85;Anti-Horario;1758.95
1980-07-19;14:47;147;722583;0.89;Anti-Horario;2248.55
1978-12-17;6:45;258;769476;0.51;Anti-Horario;7989.72
1976-07-12;1:07;369;733312;0.85;Horario;3096.87
1976-01-01;14:19;741;874951;0.82;Horario;2215.5
1977-05-25;12:18;852;844630;0.15;Horario;21644.9
1980-08-18;14:14;963;972837;0.38;Anti-Horario;26133.63
1980-11-22;18:52;753;524531;0.97;Horario;33084.38
1977-02-23;5:21;951;834882;0.2;Horario;3796.83
1976-08-08;13:44;456;507210;0.42;Anti-Horario;30561.71
1976-06-26;6:30;123;553427;0.94;Anti-Horario;34591.78
1977-09-07;10:31;654;776077;0.61;Horario;264.37
1980-09-26;22:15;987;416189;0.09;Anti-Horario;16242.11
1977-11-13;17:47;798;746307;0.64;Horario;10904.3
1976-06-11;16:15;147;364324;1;Horario;11852
1980-05-14;18:00;258;982871;0.06;Horario;24795.59
1976-03-09;15:52;369;386242;0.64;Anti-Horario;27804.21
1977-06-29;10:14;741;472033;0.65;Horario;22899.42
1977-01-19;17:14;852;619463;0.42;Anti-Horario;18076.57
1977-10-28;1:50;963;373683;0.07;Anti-Horario;770.95
1980-09-17;13:03;753;650557;0.31;Horario;12941.73
1976-10-21;11:27;951;393805;0.89;Horario;5436.69
1980-01-17;9:32;456;423981;0.63;Horario;9609.07
1977-03-29;0:52;123;983449;0.71;Anti-Horario;32576.88
1975-12-04;9:31;654;855089;0.33;Anti-Horario;21321.59
1979-02-11;21:16;987;476736;0.27;Horario;23787.13
1975-12-05;12:07;798;876363;0.32;Anti-Horario;34618.19
1978-11-02;16:53;147;716961;0.52;Horario;29451
1977-10-24;17:59;258;798317;0.8;Anti-Horario;18723.25
1980-11-29;11:51;369;847067;0.24;Horario;21754.94
1979-04-02;0:12;741;674011;0.34;Horario;4194.83
1980-07-09;21:34;852;690538;0.93;Anti-Horario;12157.56
1979-07-24;15:02;963;483909;0.7;Anti-Horario;25460.19
1976-02-08;10:56;753;686088;0.82;Anti-Horario;485.72
1977-03-05;11:05;951;801489;0.02;Horario;1057.95
1979-10-04;1:44;456;735422;0.91;Horario;21844.1
1980-07-20;6:35;123;874162;0.07;Horario;3239.36
1977-03-22;4:29;654;775765;0.88;Horario;15673.13
1977-11-26;21:37;987;906532;0.9;Horario;34078.53
1976-11-08;13:52;798;725420;0.37;Horario;23728.64
1980-09-10;2:38;147;714406;0.51;Horario;20123.78
1979-04-28;11:07;258;614584;0.74;Anti-Horario;29564
1976-03-08;8:27;369;496981;0.86;Anti-Horario;24653.05
1978-07-12;6:48;741;605578;0.31;Anti-Horario;20399.76
1977-07-10;13:04;852;545842;0.41;Horario;13111.18
1979-02-11;14:06;963;328359;0.69;Horario;24686.52
1976-11-27;14:50;753;337190;0.39;Horario;18466.34
1978-04-23;1:47;951;767894;0.19;Horario;21334.94
1980-12-02;1:31;654;419650;0.03;Anti-Horario;31265.3
1977-10-26;3:27;987;563918;0.66;Horario;18133.49
1979-12-03;21:59;798;814453;0.71;Horario;17595.71
1978-11-27;5:09;147;890122;0.61;Anti-Horario;24093.93
1977-01-30;12:57;258;346030;0.7;Anti-Horario;30947.7
1980-02-14;11:43;369;733417;0.27;Horario;33866.89
1978-04-30;3:16;741;914372;0.28;Anti-Horario;30269.65
1978-10-04;8:47;852;967552;0.9;Horario;24934.8
1978-12-01;17:32;963;898725;0.77;Horario;29831.55
1980-10-25;0:27;753;680439;0.2;Anti-Horario;24283.83
1978-08-30;0:44;951;653263;0.82;Anti-Horario;2093.4
1976-11-29;16:18;456;823279;0.31;Anti-Horario;33593.62
1977-05-10;16:15;123;794924;0.92;Anti-Horario;34550.88
1980-03-18;10:23;654;522464;0.74;Anti-Horario;2298.56
1976-03-09;7:04;987;772910;0.31;Horario;12113.69
1979-09-14;15:19;798;380399;0.83;Anti-Horario;25560.1
1979-07-04;0:10;147;960215;0.18;Anti-Horario;16812.45
1979-01-22;13:28;258;675433;0.57;Horario;4793.29
1977-03-04;14:51;369;949394;0.55;Horario;16160.8
1976-06-18;18:22;741;956385;0.08;Horario;22020.67
1980-06-29;3:33;852;427901;0.27;Anti-Horario;22763.61
1977-07-06;9:59;963;828500;0.37;Horario;18803.73
1980-02-26;19:08;753;886821;0.71;Horario;29149.51
1980-03-29;19:36;951;681029;0.59;Horario;3443.72
1980-03-18;20:08;456;374273;0.43;Horario;20580.1
1977-05-03;15:05;123;913470;0.26;Anti-Horario;3895.1
1980-07-26;9:35;654;983049;0.02;Anti-Horario;31506.47
1977-01-28;6:04;987;631453;0.15;Anti-Horario;1521.56
1977-01-08;11:52;798;817590;0.29;Anti-Horario;32513.66
1977-06-09;1:04;147;624407;0.58;Horario;22274.54
1979-06-21;22:25;258;734944;0.41;Anti-Horario;24860.01
1978-05-14;13:15;369;547321;0.51;Horario;34447.29
1979-08-07;9:50;741;559261;0.62;Anti-Horario;6220.14
1977-04-27;10:23;852;899948;0.83;Horario;14287.42
1977-07-29;4:17;963;665194;0.76;Horario;5888.64
1980-04-15;2:42;753;902904;0.72;Anti-Horario;31934.33
1979-03-12;13:53;951;794588;0.59;Horario;5401.47
1978-04-03;22:04;456;625263;0.39;Anti-Horario;27998.44
1976-10-21;14:23;123;721895;0.49;Horario;31412.83
1979-09-05;5:55;654;558606;0.44;Horario;13471.41
1980-02-10;9:10;987;457910;0.91;Horario;17157.78
1978-03-26;18:14;798;635359;0.36;Anti-Horario;1175.63
1980-01-04;8:06;147;655122;0.71;Anti-Horario;24067.16
1976-07-12;19:45;258;367998;0.62;Anti-Horario;21083.1
1976-12-28;18:14;369;978266;0.71;Anti-Horario;25581.68
1976-03-29;6:43;741;420947;0.57;Horario;32948.49
1980-08-14;9:13;852;772861;0.08;Anti-Horario;23788.62
1979-10-18;21:45;963;474707;0.69;Anti-Horario;21269
1977-01-26;2:13;753;549746;0.7;Anti-Horario;34972.57
1978-02-08;6:55;951;532784;0.75;Horario;26588.32
1979-09-01;1:29;654;827119;0.99;Anti-Horario;32449.25
1979-01-15;18:52;654;597511;0.31;Horario;23272.97
1978-07-21;16:10;987;665765;0.11;Horario;32631.1
1979-05-10;11:31;798;516862;0.21;Anti-Horario;18701.91
1977-12-07;18:32;147;642525;0.82;Anti-Horario;18903.04
1979-05-14;12:13;258;408896;0.28;Horario;12843.29
1977-07-07;0:34;369;585314;0.9;Horario;18593
1980-10-30;18:00;741;718220;0.65;Horario;26953.22
1977-06-25;5:33;852;666229;0.11;Horario;26143
1979-12-21;22:48;963;754097;0.05;Horario;12547.6
1979-11-12;13:26;753;745115;0.47;Anti-Horario;33447.68
1976-12-21;1:56;951;768990;0.71;Anti-Horario;7761.37
1975-12-11;23:52;456;737297;0.12;Horario;13606.49
1978-04-29;20:27;123;568836;0.61;Anti-Horario;17613.54
1976-11-16;16:05;654;330977;0.76;Horario;29913.79
1978-11-29;19:54;987;381882;0.2;Horario;24198.47
1977-10-25;7:07;798;563937;0.9;Anti-Horario;31311.02
1979-12-25;7:46;147;852756;0.33;Horario;2164.18
1980-01-20;23:00;258;497471;0.14;Anti-Horario;15988.5
1978-09-18;23:19;369;849921;0.44;Horario;22406.22
1980-11-24;5:16;741;714481;0.99;Anti-Horario;23016.62
1978-06-12;4:42;852;436002;0.12;Anti-Horario;13538.59
1979-10-11;20:51;963;805131;0.97;Anti-Horario;26752.44
1978-07-06;19:45;753;576124;0.66;Anti-Horario;25561.65
1978-12-18;9:16;951;546655;0.31;Horario;13992.35
1977-08-06;2:13;456;591575;0.22;Anti-Horario;30887.36
1980-11-12;11:41;123;331248;0.09;Horario;18048.51
1978-08-29;10:07;654;906241;0.09;Anti-Horario;30173.73
1976-04-13;13:20;987;938479;0.47;Anti-Horario;23825.15
1979-10-22;10:19;798;586525;0.35;Horario;12010.59
1980-01-01;12:31;147;865812;0.52;Horario;28154.3
1980-09-26;13:13;258;456892;0.28;Anti-Horario;8018.54
1977-04-25;17:18;369;614503;0.03;Anti-Horario;21168.31
1976-09-11;14:13;741;535469;0.82;Anti-Horario;3871.81
1978-10-24;3:57;852;921113;0.89;Horario;34720.64
1977-09-08;12:41;963;529500;0.3;Horario;14185.5
1977-06-03;15:07;753;649604;0.13;Horario;27502.87
1976-10-03;5:45;951;695363;0.46;Anti-Horario;5343.68
1976-05-12;12:13;456;729100;0.92;Anti-Horario;27635.29
1977-01-27;3:14;123;563164;0.57;Anti-Horario;10035.01
1977-06-13;6:29;654;529100;0.54;Horario;15085.15
1978-01-24;21:11;987;581487;0.05;Horario;26013.39
1979-05-09;21:37;798;964984;0.57;Horario;12280.06
1977-08-17;19:07;147;368793;0.2;Horario;27620.13
1976-10-14;1:06;258;946887;0.98;Anti-Horario;30750.4
1978-05-02;16:43;369;342375;0.19;Horario;10426.91
1977-02-04;0:48;741;885558;0.72;Horario;8417.71
1975-12-29;19:13;852;702225;0.27;Anti-Horario;32544.77
1978-08-14;14:00;963;663240;0.13;Horario;27434.36
1979-01-30;3:05;753;807179;0.29;Anti-Horario;34455.81
1978-08-18;5:30;951;696010;0.22;Anti-Horario;15458.75
1980-03-09;17:57;654;467864;0.81;Anti-Horario;26982.15
1979-07-19;14:25;987;461751;0.16;Horario;16260.3
1978-04-08;14:59;798;344793;0.17;Anti-Horario;12047.6
1977-11-17;16:35;147;360934;0.95;Horario;26987.09
1979-01-31;0:17;258;401435;0.56;Horario;22476.34
1980-05-13;11:45;369;821341;0.87;Horario;20711.88
1980-06-28;17:37;741;886085;0.82;Anti-Horario;34231.84
1978-09-22;1:42;852;738089;0.7;Anti-Horario;17353.58
1979-03-31;19:26;963;535879;0.35;Anti-Horario;6159.15
1978-05-07;18:20;753;908709;0.19;Anti-Horario;6430.36
1979-04-19;10:40;951;511940;0.71;Horario;23203.98
1976-08-23;12:06;456;491217;0.04;Horario;22646.89
1977-04-25;14:13;123;597826;0.28;Anti-Horario;114.07
1978-07-18;1:21;654;725061;0.93;Horario;30808.84
1976-07-26;9:37;987;541533;0.77;Horario;7979.48
1979-07-18;4:13;798;592788;0.91;Anti-Horario;23479.06
1976-05-22;15:54;147;802942;0.58;Horario;30378.82
1980-05-09;15:04;258;788611;0.97;Anti-Horario;15627.5
1978-02-27;9:03;369;690821;0.97;Horario;25676.76
1976-07-04;5:11;741;747935;0.96;Anti-Horario;19271.21
1976-05-28;21:04;852;772067;0.04;Horario;4609.39
1979-09-27;19:14;963;681828;0.02;Horario;22978.5
1977-08-17;14:49;753;612386;0.03;Anti-Horario;1297.39
1976-02-10;3:47;951;540648;0.67;Anti-Horario;32459.64
1979-07-31;13:35;456;879634;0.82;Anti-Horario;9519.82
1980-03-02;21:48;123;940185;0.3;Horario;30212.89
1977-11-17;23:09;654;836172;0.87;Horario;21150.75
1980-06-01;8:58;987;371533;0.61;Anti-Horario;15475.41
1980-12-01;11:10;798;695684;0.88;Anti-Horario;28226.33
1977-06-02;6:14;147;638454;0.96;Horario;27314.39
1980-02-18;19:21;258;654288;0.41;Horario;6352.27
1978-08-13;7:00;369;979901;0.59;Horario;28156.38
1976-10-11;15:25;741;855938;0.12;Anti-Horario;4059.83
1978-08-14;22:22;852;881738;0.77;Anti-Horario;33382.51
1977-07-01;15:06;963;933437;0.89;Horario;16374.78
1980-10-23;9:06;753;378520;0.44;Anti-Horario;11523.12
1978-10-02;3:45;951;730753;0.49;Horario;27486.73
1978-03-02;17:46;456;685013;0.99;Anti-Horario;25224.03
1977-11-11;9:13;123;925109;0.19;Anti-Horario;10656.01
1977-08-29;15:28;654;667742;0.3;Horario;1104.27
1978-09-23;1:56;987;781034;0.79;Anti-Horario;1643.28
1979-07-16;3:12;798;627297;0.83;Anti-Horario;16802.45
1978-06-23;22:53;147;708569;0.52;Horario;31056.75
1978-01-19;22:37;258;501456;0.73;Anti-Horario;24633.1
1978-03-25;8:48;369;501448;0.06;Horario;8176.74
1979-07-07;2:26;741;334852;0.74;Anti-Horario;29112.59
1980-09-17;21:04;852;324041;0.83;Horario;10018.31
1980-06-30;11:13;963;345621;0.41;Horario;4980.94
1976-06-24;12:31;753;381367;0.91;Anti-Horario;9792.52
1980-11-26;0:32;951;691855;0.66;Anti-Horario;11219.88
1976-09-14;13:11;951;552057;0.84;Anti-Horario;33681.69
1977-06-04;9:06;654;325484;0.42;Anti-Horario;5922.88
1976-05-10;2:37;987;342317;0.47;Anti-Horario;31116.34
1979-05-23;11:11;798;431028;0.99;Anti-Horario;25137.73
1976-09-24;14:39;147;374994;0.74;Horario;7479.01
1980-03-23;8:59;258;860783;0.53;Horario;5581.17
1977-05-01;0:09;369;896115;0.47;Anti-Horario;4638.49
1978-03-03;11:03;741;851573;0.77;Horario;34558.13
1977-03-13;0:29;852;941515;0.9;Anti-Horario;29783.08
1976-10-07;2:02;963;832690;0.66;Horario;25175.02
1977-06-25;7:34;753;715396;0.3;Anti-Horario;17820.15
1977-07-20;4:41;951;448149;0.93;Anti-Horario;14584.86
1978-07-15;0:20;456;983432;0.24;Anti-Horario;33295.04
1977-02-06;7:44;123;335435;0.44;Anti-Horario;24292.98
1980-07-03;5:40;654;935184;0.46;Anti-Horario;1650.3
1978-12-11;19:38;987;522192;0.79;Horario;7334.01
1977-07-22;12:13;798;429413;0.86;Horario;32607.43
1978-10-31;6:48;147;557068;0.21;Horario;3443.84
1979-12-31;10:25;258;466644;0.94;Anti-Horario;34437.1
1978-09-19;1:07;369;902076;0.64;Horario;2439.59
1977-04-05;14:44;741;430778;0.25;Horario;30869.33
1977-05-14;4:18;852;756051;0.68;Horario;24268.87
1980-05-12;13:22;963;925017;0.95;Anti-Horario;6632.12
1977-08-21;3:55;753;486733;0.03;Horario;29982.82
1977-02-25;20:07;951;520606;0.23;Anti-Horario;13179.35
1980-05-28;22:47;456;874326;0.64;Anti-Horario;711.01
1976-02-23;11:50;123;556090;0.42;Anti-Horario;29826.4
1978-08-15;23:20;654;323891;0.25;Anti-Horario;34516.64
1976-03-27;3:32;987;602602;0.19;Horario;1964.24
1977-12-25;9:52;798;630742;0.47;Horario;3055.36
1980-11-17;17:36;147;753305;0.87;Horario;20028.84
1977-11-06;8:08;258;624278;0.85;Horario;30558.74
1976-02-20;6:14;369;571623;0.44;Horario;28688.15
1977-08-12;19:16;741;423608;0.42;Horario;22362.62
1978-04-29;8:07;852;630971;0.46;Anti-Horario;20529.88
1979-06-07;14:06;963;679845;0.27;Horario;19250.75
1977-07-11;15:42;753;543451;0.99;Horario;28626.52
1976-11-16;15:11;951;685960;0.76;Anti-Horario;23678.91
1976-06-02;23:50;456;707747;0.97;Horario;4945.36
1976-09-18;4:50;123;985433;0.01;Horario;9743.04
1977-04-10;19:23;654;804551;0.99;Anti-Horario;9114.94
1980-12-03;6:04;987;413538;0.17;Horario;16757.01
1978-09-30;22:35;798;346375;0.59;Anti-Horario;7233.38
1978-04-11;1:40;147;863363;0.6;Horario;5802.37
1977-04-07;0:25;258;801061;0.93;Anti-Horario;6953.75
1976-05-13;5:09;369;949665;0.64;Anti-Horario;13986.92
1979-07-07;19:11;741;921561;0.45;Horario;13614.03
1980-07-03;2:58;852;895337;0.08;Horario;5507.42
1979-04-02;21:30;963;831449;0.22;Horario;1273.71
1978-12-08;21:14;753;521896;0.43;Anti-Horario;4817.79
1980-05-04;13:31;951;682213;0.64;Horario;14863.61
1977-01-10;18:34;654;679746;0.19;Horario;9673.01
1978-01-04;19:22;987;734970;0.88;Anti-Horario;26637.69
1977-12-25;5:11;798;631213;0.06;Horario;33169.55
1977-12-03;18:07;147;776452;0.18;Horario;4683.75
1980-11-25;15:51;258;724573;0.48;Anti-Horario;24434.34
1979-04-10;11:28;369;825432;0.3;Anti-Horario;24735.93
1977-06-03;18:37;741;646193;0.83;Anti-Horario;17769.27
1980-10-31;18:50;852;407158;0.31;Horario;30053.78
1976-12-31;3:15;963;921504;0.9;Anti-Horario;20545.72
1976-12-03;22:38;753;450113;0.91;Horario;17908.98
1977-08-22;10:44;951;570201;0.48;Horario;1826.01
1979-04-13;2:21;456;544017;0.41;Anti-Horario;5401.47
1980-06-21;11:57;123;391900;0.67;Horario;30819.75
1978-12-17;10:07;654;390992;0.02;Horario;19154.62
1977-10-28;11:56;987;707892;0.11;Anti-Horario;2855.83
1977-10-08;15:09;798;876603;0.41;Anti-Horario;27546.77
1977-02-01;8:24;147;940646;0.13;Horario;7026.88
1979-08-04;21:20;258;705334;0.46;Anti-Horario;15472.47
1979-07-01;21:03;369;986959;0.69;Anti-Horario;29819.48
1978-05-28;5:21;741;473570;0.27;Anti-Horario;16321.74
1978-08-05;19:06;852;959497;0.64;Anti-Horario;30725.4
1976-03-05;1:13;963;700155;0.19;Horario;15135.93
1979-03-06;21:17;753;367374;0.53;Horario;26833.88
1977-07-30;5:19;951;489213;0.65;Horario;32006.26
1976-12-20;0:19;456;437763;0.43;Horario;9144.91
1977-12-11;2:57;123;916151;0.34;Horario;19266.62
1977-04-11;9:43;654;599270;0.89;Anti-Horario;30413.31
1979-05-03;22:23;987;902938;0.11;Horario;14189.37
1980-10-04;1:42;798;476970;0.17;Anti-Horario;14104.84
1978-04-25;12:32;147;461656;0.44;Horario;5067.41
1976-08-04;6:19;258;869598;0.76;Horario;6854.28
1978-08-18;6:04;369;897940;0.51;Horario;33933.79
1979-03-16;15:55;741;465023;0.34;Horario;29995.45
1977-08-31;4:40;852;515123;0.04;Anti-Horario;4536.96
1976-10-30;11:14;963;947669;0.41;Horario;27601.98
1977-05-30;5:20;753;512014;0.69;Anti-Horario;11889.13
1978-06-19;4:47;951;481926;0.93;Horario;10717.43
1978-11-19;16:48;456;655861;0.63;Anti-Horario;23954.05
1978-06-06;7:48;123;646464;0.48;Horario;16793.61
1980-06-22;15:49;654;572470;0.68;Horario;32145.95
1979-11-11;3:06;987;439407;0.81;Anti-Horario;26940.13
1976-09-16;13:04;798;684394;0.79;Horario;15040.29
1980-08-12;13:20;147;545227;0.05;Horario;4998.46
1979-01-14;2:23;258;349638;0.16;Anti-Horario;8685.54
1979-01-01;12:19;369;653527;0.69;Horario;7823.07
1977-07-09;16:41;741;355760;0.09;Anti-Horario;13965.78
1978-09-03;10:28;852;695545;0.94;Anti-Horario;3895.72
1979-07-01;17:56;963;388278;0.55;Horario;32409.98
1978-11-07;18:52;753;630905;0.01;Anti-Horario;26781.81
1978-01-11;1:05;951;502108;0.49;Horario;1006.92
1976-04-10;17:27;987;740158;0.5;Horario;18237.23
1975-12-19;3:19;654;605272;0.97;Horario;16858.19
1980-05-08;5:40;987;728714;0.96;Anti-Horario;9916.25
1980-07-13;11:50;798;785986;0.59;Anti-Horario;4814.02
1976-10-06;6:28;147;845881;0.66;Anti-Horario;30869.69
1979-08-16;18:48;258;740883;0.11;Anti-Horario;19194.58
1976-07-09;17:15;369;658955;0.85;Horario;19980.41
1978-03-01;16:01;741;759398;0.78;Anti-Horario;31789.04
1979-02-15;13:25;852;708766;0.19;Anti-Horario;1287.85
1977-06-02;7:23;963;912824;0.46;Anti-Horario;6030.12
1979-04-10;21:00;753;740005;0.11;Horario;31532.12
1976-09-30;8:10;951;839243;0.75;Horario;3135.84
1977-02-26;6:31;456;622494;0.42;Anti-Horario;18083.36
1980-03-26;23:53;123;594347;0.24;Horario;16605.04
1976-07-07;9:52;654;387535;0.83;Anti-Horario;12270.27
1977-01-24;17:06;987;534085;0.91;Horario;4268.88
1980-06-28;13:36;798;446032;0.97;Horario;9357.86
1977-03-13;12:42;147;920092;0.75;Horario;14736.04
1977-05-11;15:48;258;880403;0.94;Horario;34166.87
1976-07-05;8:41;369;966867;0.12;Anti-Horario;3556.69
1980-04-07;7:20;741;405318;0.24;Horario;4692.92
1979-12-03;15:32;852;474448;0.49;Horario;16228.04
1979-02-25;9:17;963;322740;0.76;Horario;15563.22
1976-12-25;3:48;753;906983;0.65;Horario;490.31
1980-11-29;12:40;951;827107;0.66;Anti-Horario;14057.31
1977-09-04;8:41;456;953538;0.65;Horario;7017.39
1980-09-02;13:08;123;540912;0.09;Horario;27434.67
1980-09-06;19:22;654;360136;0.16;Anti-Horario;31483.84
1979-06-22;10:31;987;443864;0.67;Anti-Horario;3219.54
1979-03-06;11:57;798;543643;0.3;Anti-Horario;14678.03
1977-06-13;16:28;147;322808;0.86;Horario;4181.36
1978-11-28;3:28;258;672993;0.61;Horario;8629.42
1978-06-13;1:29;369;809863;0.3;Anti-Horario;32689.95
1976-01-08;13:32;741;875924;0.76;Anti-Horario;6005.93
1980-02-18;12:19;852;585631;0.22;Horario;2544.21
1980-03-06;8:06;963;384555;0.12;Anti-Horario;6678.64
1976-06-25;7:56;753;949894;0.51;Horario;21373.57
1978-04-14;14:55;951;335190;0.53;Anti-Horario;26850.94
1977-02-09;2:33;456;388730;0.64;Horario;18453.55
1977-12-21;7:56;123;899404;0.14;Horario;5458.82
1979-06-06;1:34;654;854399;0.77;Anti-Horario;27443.59
1976-10-17;21:33;987;780125;0.96;Horario;30735.13
1980-01-12;14:32;798;604910;0.68;Horario;18624.12
1980-01-26;3:51;147;885618;0.42;Horario;14563.85
1976-09-01;11:21;258;969703;0.88;Anti-Horario;26540.24
1978-09-20;3:06;369;669519;0.19;Horario;27621.36
1980-04-23;10:58;741;449646;0.18;Anti-Horario;5556.4
1977-11-11;5:00;852;592452;0.31;Anti-Horario;20905.13
1979-11-10;20:36;963;848472;0.06;Anti-Horario;8301.82
1979-03-13;8:03;753;427115;0.22;Anti-Horario;11278.65
1978-10-12;2:55;951;753117;0.41;Anti-Horario;14318.24
1978-08-05;20:11;654;645821;0.58;Anti-Horario;17960.71
1979-04-14;16:12;987;771235;0.26;Horario;24217.07
1977-07-25;10:00;798;778236;0.76;Horario;9612.44
1978-05-21;0:50;147;322258;0.08;Horario;5140.68
1976-01-23;0:52;258;839916;0.78;Anti-Horario;23171.43
1980-06-09;1:31;369;572166;0.38;Horario;19028.11
1978-02-21;0:22;741;983783;0.28;Horario;26170.94
1977-10-04;12:16;852;715909;0.64;Anti-Horario;28327.1
1979-01-30;4:15;963;886460;0.36;Horario;2084.76
1980-03-09;20:54;753;922568;0.86;Horario;19882.04
1978-04-18;9:12;951;504582;0.86;Anti-Horario;16194.02
1980-06-10;11:07;456;345053;0.51;Anti-Horario;2382.02
1979-11-16;6:48;123;973005;0.78;Horario;21333.71
1978-05-23;21:30;654;658251;0.06;Horario;1451.23
1977-10-03;2:45;987;739596;0.24;Horario;9638.74
1980-03-05;3:24;798;689677;0.47;Anti-Horario;3716.51
1980-08-07;20:04;147;674079;0.97;Horario;13154.95
1977-01-27;6:37;258;815362;0.01;Horario;2339.37
1977-02-01;14:03;369;682755;0.4;Horario;30219.21
1980-03-29;11:19;741;572382;0.94;Anti-Horario;23143.46
1977-08-16;23:42;852;688090;0.07;Anti-Horario;5730.47
1978-08-22;14:51;963;363625;0.69;Horario;30800.18
1978-01-01;9:16;753;774765;0.3;Horario;24906.02
1979-07-02;20:34;951;877807;0.73;Horario;20462.93
1979-11-18;14:49;456;591429;0.58;Anti-Horario;20473.19
1980-07-29;23:38;123;765963;0.1;Horario;33451.19
1977-01-01;13:48;654;888662;0.83;Horario;16699.75
1979-05-31;3:42;987;490843;0.24;Horario;8208.58
1978-09-28;9:28;798;525828;0.43;Horario;16168.92
1977-05-29;4:02;147;568733;0.5;Anti-Horario;34098.02
1979-12-17;2:37;258;493506;0.73;Anti-Horario;16241.59
1978-01-30;0:30;369;330377;0.16;Horario;17654.06
1976-08-21;13:28;741;329230;0.53;Anti-Horario;23182.8
1977-09-16;10:42;852;964389;0.03;Anti-Horario;9509.21
1980-01-25;22:10;963;902288;0.44;Anti-Horario;7649.2
1977-09-26;9:57;753;597281;0.68;Horario;29593.69
1980-06-27;9:41;951;683269;0.6;Anti-Horario;16997.96
1978-04-12;16:58;456;500566;0.64;Horario;27883.9
1979-01-13;7:00;123;785422;0.99;Anti-Horario;10262.97
1979-12-29;4:02;654;507217;0.93;Anti-Horario;22012.14
1978-11-07;6:32;987;702136;0.14;Anti-Horario;20140.29
1978-05-12;23:13;798;465462;0.26;Horario;21590.94
1980-11-30;3:18;147;870670;0.64;Anti-Horario;30312.01
1976-03-26;6:04;258;572365;0.94;Horario;22789.98
1978-08-01;14:58;369;642045;0.31;Horario;12329.41
1980-03-01;19:34;741;735261;0.52;Anti-Horario;33320.97
1980-11-23;3:07;852;922339;0.26;Anti-Horario;1025.36
1980-07-19;3:03;963;748723;0.9;Anti-Horario;10989.62
1979-02-02;18:36;753;342624;0.34;Anti-Horario;19498.9
1976-06-03;7:37;951;505579;0.13;Anti-Horario;9464.63
1978-03-31;19:57;654;350579;0.53;Anti-Horario;21276.14
1977-09-26;18:51;987;961168;0.87;Anti-Horario;3047.94
1980-06-21;8:57;798;963918;0.71;Horario;2602.01
1979-09-02;4:29;147;648904;0.39;Anti-Horario;2303.83
1977-03-28;4:39;258;578352;0.77;Anti-Horario;7372.2
1977-10-17;21:15;369;872431;0.32;Anti-Horario;10987.34
1978-06-12;5:42;741;339609;0.91;Anti-Horario;349.87
1978-06-25;15:36;852;669676;0.8;Horario;21852.36
1980-10-09;5:16;963;957925;0.61;Anti-Horario;25974.84
1979-02-25;22:20;753;489858;0.76;Anti-Horario;21019.43
1977-12-14;12:10;951;976390;0.6;Anti-Horario;34608.13
1977-09-28;0:56;456;529292;0.44;Anti-Horario;11235.25
1979-12-12;11:34;123;476571;0.74;Horario;895.94
1976-12-10;8:47;654;893638;0.98;Anti-Horario;1324.46
1976-08-20;15:33;987;872611;0.44;Horario;6750.07
1977-06-13;17:59;798;698195;0.95;Anti-Horario;10924.78
1980-02-19;11:53;147;940998;0.23;Horario;11029.34
1979-05-30;9:07;258;473391;0.47;Horario;16615.28
1977-12-25;19:18;369;911005;0.46;Anti-Horario;33233
1977-01-10;5:00;741;474757;0.73;Horario;13722.48
1979-08-03;16:30;852;679015;0.04;Anti-Horario;902.9
1977-10-14;22:37;963;711624;0.78;Anti-Horario;13924.06
1976-01-05;12:31;753;887893;0.46;Horario;986.86
1977-10-01;1:19;951;485721;0;Anti-Horario;1601.61
1980-09-01;17:38;456;448933;0.13;Anti-Horario;11752.16
1980-08-22;1:33;123;844417;0.99;Horario;32787.65
1980-08-20;14:11;654;717066;0.8;Horario;26372.33
1976-07-12;22:03;987;903519;0.13;Anti-Horario;19357.19
1980-01-18;3:09;798;713664;0.07;Anti-Horario;18796
1977-03-20;4:27;147;845716;0.55;Anti-Horario;24989.21
1976-12-22;18:25;258;436691;0.07;Anti-Horario;11410.84
1977-06-23;4:03;369;947124;0.3;Anti-Horario;183.98
1977-11-09;15:27;741;493204;0.06;Horario;27907.43
1980-04-09;22:40;852;801232;0.75;Anti-Horario;16896.91
1977-02-17;19:33;963;615660;0.41;Horario;9618.84
1977-01-14;8:11;753;640002;0.4;Horario;4958.2
1977-03-23;18:15;951;753694;0.47;Horario;13286.98
1980-11-27;12:47;456;811802;0.07;Anti-Horario;33985.35
1976-02-01;7:09;123;403457;0.84;Anti-Horario;16384.68
1976-03-04;22:32;654;774584;0.73;Horario;30728.21
1976-03-03;16:17;987;795209;0.2;Anti-Horario;25664.43
1977-08-10;14:19;798;387703;0.13;Anti-Horario;19406.98
1978-08-12;16:57;147;926724;0.48;Anti-Horario;21994.97
1980-11-03;15:56;258;436287;0.38;Anti-Horario;837.13
1978-04-19;12:58;369;957166;0.41;Horario;9001.7
1977-11-19;15:27;741;963105;0.66;Horario;19930.39
1977-07-04;21:57;852;615196;0.42;Anti-Horario;31867.6
1976-10-29;18:50;963;802929;0.54;Horario;21548.98
1979-11-14;20:38;753;637716;0.6;Anti-Horario;7063.18
1976-03-18;10:10;951;408654;0.52;Horario;16678.25
1979-05-05;13:26;654;852706;0.72;Horario;30177.39
1978-08-16;0:13;987;600276;0.61;Horario;11943.09
1978-03-19;11:00;798;368030;0.68;Horario;17868.8
1976-12-21;22:53;147;420766;0.38;Anti-Horario;28419.3
1976-12-22;2:04;258;860144;0.97;Horario;20941.72
1976-03-17;12:27;369;339643;0.1;Anti-Horario;23454.51
1980-04-09;0:36;741;908174;0.67;Anti-Horario;28837.2
1979-04-20;14:44;852;911395;0.08;Anti-Horario;14844.92
1977-09-15;3:38;963;965494;0.91;Anti-Horario;24466.75
1976-05-30;23:22;753;755509;0.1;Horario;27895.87
1979-08-30;18:17;951;845379;0.32;Horario;4515.37
1979-11-30;21:56;456;692804;0.92;Anti-Horario;13303.54
1980-11-04;10:04;123;925980;0.91;Horario;15539.75
1976-04-01;21:11;654;975543;0.21;Horario;3169.3
1977-06-12;0:01;987;728545;0.73;Anti-Horario;3821.2
1976-01-19;22:26;798;700928;0.18;Anti-Horario;6013.69
1977-09-07;17:16;147;865236;0.15;Anti-Horario;4058.76
1976-04-08;23:33;258;918975;0.59;Anti-Horario;33940.61
1980-04-29;18:55;369;691991;0.83;Anti-Horario;10090.96
1979-09-29;22:29;741;868516;0.59;Horario;17563.94
1978-05-27;12:30;852;984112;0.68;Horario;22570.09
1979-12-14;4:00;963;647270;0.9;Horario;3033.61
1980-04-01;11:46;753;468308;0.85;Horario;28515.81
1978-11-06;5:44;951;468553;0.72;Anti-Horario;20009.83
1980-03-15;15:33;456;494799;0.17;Anti-Horario;21206.73
1976-11-04;5:17;123;505951;0.34;Anti-Horario;12208.29
1976-02-16;6:16;654;539633;0.51;Anti-Horario;15405.06
1979-04-08;11:31;987;700289;0.11;Anti-Horario;26612.3
1976-12-17;13:51;798;703512;0.21;Horario;16413.98
1976-08-10;8:34;147;793547;0.98;Anti-Horario;10823.53
1979-01-25;10:01;258;426313;0.43;Anti-Horario;25048.22
1976-01-19;1:35;369;433946;0.6;Anti-Horario;10801.95
1980-06-28;17:30;741;441434;0.45;Horario;26974.73
1980-11-08;4:20;852;652341;0.9;Horario;14288.39
1977-04-23;21:12;963;950633;0.06;Anti-Horario;7641.22
1980-11-03;23:18;753;730173;0.64;Anti-Horario;13720.39
1977-05-14;0:23;951;675278;0.15;Anti-Horario;10516.51
1980-03-26;12:49;456;736735;0.85;Horario;14189.11
1979-07-02;1:07;123;912719;0.41;Anti-Horario;7581.36
1977-12-25;7:45;654;707999;0.98;Horario;1821.25
1977-02-26;14:37;987;486488;0.42;Horario;13639.23
1980-09-26;23:26;798;418806;0.6;Horario;28807.31
1978-09-18;19:19;147;951709;0.04;Horario;13884.94
1976-04-16;4:57;258;824912;0.02;Anti-Horario;31218.51
1979-11-29;13:21;369;970332;0.79;Horario;13609.74
1979-03-05;8:29;741;608477;0.9;Anti-Horario;26309.22
1978-02-26;5:22;852;817986;0.09;Anti-Horario;3620.37
1977-12-10;3:45;963;845234;0.76;Horario;2443.03
1977-11-24;3:34;753;574868;0.44;Anti-Horario;4079.44
1978-10-06;1:24;951;870975;0.34;Horario;10366.29
1980-08-08;15:18;654;978760;0.4;Anti-Horario;4737.92
1979-06-14;3:20;654;636223;0.77;Horario;3733.73
1979-09-04;16:06;987;878682;0.32;Anti-Horario;1999.38
1978-11-28;8:01;798;529226;0.75;Anti-Horario;18568.63
1980-04-06;16:52;147;980589;0.71;Horario;16067.25
1976-07-08;10:16;258;383460;0.3;Anti-Horario;32693.58
1976-11-16;2:11;369;569150;0.15;Anti-Horario;28315.8
1980-11-03;15:27;741;539501;0.62;Horario;13265.05
1976-02-29;9:21;852;906743;0.23;Horario;21225.32
1976-06-19;4:48;963;464918;0.58;Anti-Horario;14796.91
1978-08-08;23:02;753;842942;0.99;Anti-Horario;28433.39
1978-12-26;21:25;951;662483;0.73;Anti-Horario;29358.04
1979-10-10;13:27;456;826790;0.14;Anti-Horario;20657.49
1976-11-03;4:42;123;410165;0.39;Anti-Horario;32367.89
1980-05-06;23:20;654;904028;0.36;Anti-Horario;23465.29
1976-02-15;18:05;987;438305;0.78;Anti-Horario;27427.56
1980-10-08;1:37;798;425043;0.69;Horario;18509.85
1976-03-22;13:22;147;356391;0.56;Anti-Horario;10961.27
1978-09-02;5:06;258;776047;0.2;Horario;16079.09
1976-08-01;2:06;369;887210;0.22;Horario;30912.49
1976-05-23;1:35;741;805425;0.63;Horario;11329.09
1977-03-16;22:30;852;538466;0.85;Anti-Horario;30218.13
1980-09-06;13:00;963;955526;0.01;Anti-Horario;15720.33
1979-01-10;17:27;753;953572;0.06;Anti-Horario;34489.99
1980-06-13;13:16;951;716736;0.94;Anti-Horario;24367.25
1979-10-19;20:28;456;472216;0.41;Anti-Horario;19808.03
1976-03-09;3:40;123;519479;0.56;Horario;24694.8
1980-08-28;5:41;654;803604;0.78;Anti-Horario;5201.86
1976-01-14;15:42;987;391453;0.11;Horario;17609.1
1979-08-18;11:21;798;769902;0.11;Horario;24722.05
1976-09-26;0:20;147;467130;0.26;Horario;32413.3
1978-09-26;20:19;258;464522;0.46;Anti-Horario;19584.26
1980-08-09;21:22;369;634187;0.24;Horario;20414.22
1979-08-19;21:44;741;418863;0.77;Horario;12214.49
1979-06-05;15:00;852;753136;0.65;Anti-Horario;9503.79
1979-02-03;13:19;963;355663;0.18;Anti-Horario;21740.52
1976-05-09;19:36;753;946302;0.54;Anti-Horario;8458.46
1978-05-09;6:51;951;710693;0.21;Horario;34759.07
1979-02-03;14:31;456;908135;0.23;Horario;10692.28
1980-08-16;2:15;123;731703;0.22;Anti-Horario;31176.85
1976-11-26;12:57;654;590680;0.69;Horario;33307.46
1980-06-30;21:06;987;743610;0.21;Horario;10052.52
1979-03-08;23:20;798;511070;0.3;Anti-Horario;13972.17
1977-06-30;11:49;147;918762;0.68;Anti-Horario;6217.14
1979-05-18;11:15;258;478160;0.44;Anti-Horario;21021.92
1976-09-24;5:22;369;640310;0.93;Anti-Horario;26614.22
1979-08-02;12:38;741;892162;0.6;Horario;24857.4
1980-11-21;10:54;852;330124;0.58;Horario;23673.27
1976-09-06;12:38;963;869806;0.94;Anti-Horario;5453.08
1976-02-11;6:14;753;525211;0.35;Anti-Horario;1247.05
1979-12-18;13:38;951;617473;0.42;Horario;11773.36
1980-09-11;21:24;654;944587;0.54;Horario;21028.47
1979-04-28;20:48;987;861370;0.66;Horario;27330.03
1976-10-07;12:27;798;881885;0.88;Anti-Horario;288.22
1976-10-12;10:51;147;913679;0.32;Anti-Horario;33733.76
1979-02-22;23:09;258;522476;0.72;Horario;24081.78
1978-03-07;11:19;369;743907;0.11;Horario;25113.89
1976-03-05;18:09;741;689899;0.8;Horario;30115.98
1979-09-22;21:02;852;896724;0.65;Horario;28284.89
1980-02-01;2:01;963;726666;0.35;Anti-Horario;16888.73
1978-09-20;9:36;753;434432;0.1;Horario;29573.06
1980-11-03;21:55;951;816171;0.16;Horario;23699.26
1976-05-10;1:04;456;783176;0.46;Horario;8563.8
1977-11-24;10:26;123;615293;0.65;Horario;18920.31
1978-11-27;5:26;654;399238;0.21;Horario;3708.06
1979-08-02;9:16;987;787258;0.12;Horario;17564.35
1979-10-13;7:40;798;402766;0.76;Anti-Horario;13411.52
1976-01-13;2:28;147;338471;0.78;Horario;16864
1978-05-07;8:42;258;383862;0.78;Horario;15924.18
1977-02-07;18:54;369;731213;0.12;Anti-Horario;26803.92
1976-09-28;10:16;741;971034;0.14;Horario;6901.43
1980-03-16;19:31;852;514866;0.72;Horario;34884.92
1979-09-16;0:22;963;631894;0.88;Horario;25353.29
1980-03-31;3:47;753;335653;0.24;Anti-Horario;7605.8
1980-10-26;6:56;951;639280;0.01;Horario;11008.19
1980-03-04;4:01;456;651985;0.77;Horario;267.77
1977-04-09;11:58;123;734347;0.81;Horario;21497.6
1980-05-01;2:48;654;877298;0.62;Anti-Horario;7988.82
1976-10-05;3:59;987;368361;0.79;Anti-Horario;6906.08
1977-12-12;20:42;798;732040;0.08;Anti-Horario;3304.4
1976-11-13;16:30;147;804311;0.65;Horario;20202.44
1979-02-17;16:43;258;637155;0.19;Horario;32414.15
1980-01-02;15:37;369;452201;0.47;Horario;15297.07
1976-04-12;15:42;741;982864;0.79;Horario;12273.61
1977-07-03;22:56;852;866453;0.06;Horario;33681.12
1976-10-13;23:37;963;442093;0.32;Anti-Horario;24880.14
1976-06-15;18:12;753;979536;0.68;Anti-Horario;26987.34
1978-05-22;5:24;951;419595;0.34;Anti-Horario;27516.39
1977-04-02;7:48;456;753666;0.09;Anti-Horario;6340.76
1976-05-19;9:28;123;908155;0.45;Anti-Horario;10224.27
1978-05-11;0:50;654;553670;0.54;Horario;168.06
1978-07-12;10:12;987;481180;0.56;Anti-Horario;34498.9
1980-08-10;5:54;798;688074;0.02;Anti-Horario;1794.98
1978-02-13;3:45;147;914853;0.04;Anti-Horario;3178.33