dia;hora;lanza_nave_id_nave;lanza_nave_matricula;lanza_agencia_nombre;lanza_orbita_excentricidad;lanza_orbita_sentido;lanza_orbita_altura
1973-07-28;1:37;654;524141;Konklab;0.43;Horario;25156.9
1973-01-30;8:30;987;627932;Solarbreeze;0.35;Anti-Horario;12875.89
1972-03-25;11:26;798;355188;Lotstring;0.64;Horario;32646.29
1973-11-24;20:52;147;632349;Pannier;0.45;Anti-Horario;17309.6
1973-06-21;3:35;258;584581;Voltsillam;0.02;Horario;7279.97
1972-02-28;12:28;369;443447;Kanlam;0.47;Horario;33367.35
1973-01-20;19:57;741;526524;Tampflex;0.57;Horario;9643.61
1973-08-22;23:41;852;411580;Zoolab;0.02;Anti-Horario;17454.72
1970-11-28;10:16;963;807305;Domainer;0.05;Anti-Horario;29207.98
1973-10-02;15:36;753;699496;Flowdesk;0.12;Anti-Horario;28663.92
1970-04-15;0:57;951;885465;Tresom;0.51;Anti-Horario;11866.38
1972-03-01;13:39;456;956125;Job;0.1;Horario;26059.25
1970-10-29;0:31;123;513947;Daltfresh;0.15;Horario;20337.13
1973-09-12;23:17;654;973065;Rank;0.68;Horario;2431.81
1970-05-15;16:08;987;346507;Viva;0.59;Anti-Horario;7205.76
1970-01-17;8:56;798;975516;Zamit;0.74;Horario;10601.17
1973-10-17;12:37;147;534664;Flowdeskcito;0.9;Horario;8019.01
1973-01-28;12:42;258;413872;Y-find;0.72;Horario;32044.91
1970-07-06;23:31;369;903050;Bamity;0.8;Anti-Horario;28765.03
1970-06-05;8:01;741;730727;Aerified;0.92;Anti-Horario;27722.09
1970-08-30;4:20;852;691852;Asoka;0.18;Horario;32813.06
1972-08-11;0:12;963;586583;Bigtax;0.95;Horario;17239.17
1970-04-12;6:27;753;327338;Malentin;0.06;Anti-Horario;19596.36
1973-06-10;17:42;951;467129;KnockingTravel;0.4;Horario;26206.9
1970-05-16;13:54;456;570508;DomainerViaje;0.33;Horario;31457.1
1971-09-26;19:47;123;747079;HolaMundo;0.99;Anti-Horario;6104.41
1973-09-05;13:48;654;947781;Viajemania;0.73;Anti-Horario;8767.24
1971-02-05;23:26;987;711116;Bytecard;0.29;Anti-Horario;27519.61
1973-05-28;18:09;798;775245;Stronghold;0.12;Anti-Horario;3354.53
1973-08-04;0:46;147;803713;Tempsoft;0.51;Anti-Horario;1334.28
1970-06-28;21:56;258;943874;Otcom;0.68;Horario;34922.45
1972-04-03;15:17;369;685371;Zathin;0.52;Anti-Horario;27523.28
1970-07-13;13:33;741;646088;Stringtough;0.29;Horario;34459.99
1972-11-10;19:51;852;443182;Asoka;0.45;Horario;5422.13
1973-04-04;1:56;963;813227;Gembucket;0.43;Anti-Horario;15901.13
1971-05-13;0:37;753;841581;It;0.98;Horario;18336.15
1970-09-29;22:57;951;711553;Target;0.2;Anti-Horario;30365.8
1970-09-22;18:20;456;382237;GrupoFeliz;0.09;Horario;16140.77
1970-11-13;8:57;123;744330;Fix San;0.74;Horario;34990.25
1973-04-14;9:07;654;423735;Lotlux;0.68;Anti-Horario;1919.52
1972-08-17;17:12;987;781570;MaikolsAgency;0.92;Anti-Horario;3414.58
1971-05-22;9:17;798;660139;Agencialand;0.08;Anti-Horario;14362.13
1971-06-10;22:24;147;572763;ZathinAgency;0.95;Horario;28929.6
1970-02-25;15:00;258;873074;Wololo;0.86;Anti-Horario;22770.66
1970-06-13;12:30;369;495608;Cardguard;0.98;Anti-Horario;12639.22
1973-03-19;18:26;741;466798;Cambiando;0;Anti-Horario;12536.21
1973-05-07;14:38;852;597735;Fintone;0.21;Anti-Horario;8034.41
1970-07-19;0:32;963;655316;Tin;0.86;Anti-Horario;22027.63
1971-07-30;12:49;753;402173;Zaam-Dox;0.17;Anti-Horario;19713.75
1971-04-21;7:57;951;730349;CantandoViajes;0.28;Horario;23841.54
1972-05-26;7:00;654;371478;Konklab;0.25;Horario;34048.41
1973-05-14;21:14;987;525095;Solarbreeze;0.93;Horario;273.54
1972-07-12;4:09;798;361053;Lotstring;0.39;Horario;19136.64
1972-09-27;14:12;147;389453;Pannier;0.75;Horario;18753.71
1973-04-24;16:58;258;909559;Voltsillam;0.24;Horario;18629.6
1970-04-08;0:58;369;399655;Kanlam;0.21;Anti-Horario;7848.86
1970-08-10;6:03;741;814432;Tampflex;0.56;Anti-Horario;7616
1971-11-21;18:31;852;506549;Zoolab;0.81;Anti-Horario;14147.48
1971-03-12;19:25;963;912692;Domainer;0.45;Anti-Horario;8528.77
1971-12-13;2:44;753;872685;Flowdesk;0.03;Anti-Horario;17738.71
1971-11-22;11:00;951;945521;Tresom;0.35;Horario;9528.27
1971-06-02;10:48;456;730570;Job;0.15;Anti-Horario;30200.03
1972-10-26;23:27;123;735902;Daltfresh;0.25;Anti-Horario;33026.43
1972-09-18;3:36;654;860124;Rank;0.87;Anti-Horario;2387.62
1973-05-08;3:53;987;829556;Viva;0.73;Horario;32951.62
1971-02-19;3:13;798;596969;Zamit;0.99;Anti-Horario;34469.48
1970-11-12;18:21;147;955658;Flowdeskcito;1;Anti-Horario;30165.25
1971-06-23;7:07;258;367597;Y-find;0.36;Anti-Horario;22087.32
1971-09-15;5:43;369;871481;Bamity;0.83;Anti-Horario;1780.86
1970-08-29;21:49;741;634841;Aerified;0.06;Anti-Horario;21387.54
1972-08-02;10:40;852;843755;Asoka;0.91;Horario;15840.12
1972-01-16;17:38;963;888210;Bigtax;0.84;Horario;212.47
1970-08-14;1:37;753;480076;Malentin;0.36;Horario;22333.49
1971-07-14;1:28;951;919380;KnockingTravel;0.37;Anti-Horario;15237.66
1971-06-14;3:50;456;866518;DomainerViaje;0.51;Anti-Horario;5342.9
1972-09-21;14:52;123;451735;HolaMundo;0.28;Horario;18390.35
1972-06-07;0:38;654;810343;Viajemania;0.36;Horario;28960.76
1970-10-26;15:51;987;474316;Bytecard;0.08;Horario;25709.46
1970-05-02;7:32;798;984332;Stronghold;0.75;Horario;18435.56
1973-09-29;6:19;147;609394;Tempsoft;0.99;Horario;26436.75
1971-01-30;19:37;258;421851;Otcom;0.23;Anti-Horario;18325.96
1970-12-29;23:05;369;666228;Zathin;0.81;Anti-Horario;7807.09
1971-05-23;10:36;741;619766;Stringtough;0.39;Anti-Horario;29784.7
1973-02-13;23:57;852;959788;Asoka;0.81;Anti-Horario;21214.96
1972-12-26;13:56;963;869771;Gembucket;0.56;Horario;6332.71
1971-02-24;3:15;753;782355;It;0.01;Horario;33151.24
1972-06-16;20:30;951;633785;Target;0.6;Horario;1637.55
1973-11-25;12:28;456;554155;GrupoFeliz;0.88;Horario;19933.81
1972-04-09;19:20;123;958150;Fix San;0.01;Anti-Horario;6327.32
1972-05-12;23:03;654;471140;Lotlux;0.32;Horario;29048.37
1972-02-11;3:10;987;475171;MaikolsAgency;0.25;Horario;3852.69
1971-12-03;19:09;798;654674;Agencialand;0.59;Anti-Horario;17556.12
1973-09-13;14:56;147;707457;ZathinAgency;0.47;Anti-Horario;3415.66
1970-10-17;6:37;258;383920;Wololo;0.34;Anti-Horario;15674.09
1970-07-07;16:20;369;634955;Cardguard;0.03;Anti-Horario;4560.51
1973-04-30;20:21;741;897503;Cambiando;0.67;Anti-Horario;19206.47
1970-03-10;5:00;852;528714;Fintone;0.53;Anti-Horario;12409.82
1970-12-25;14:47;963;643195;Tin;0.96;Anti-Horario;6313.28
1970-04-24;21:45;753;905330;Zaam-Dox;0.82;Anti-Horario;5008.91
1971-02-16;19:51;951;415075;CantandoViajes;0.86;Anti-Horario;7297.49
1970-06-05;2:43;654;552363;Konklab;0.47;Horario;18273.16
1970-02-16;2:28;654;447869;Solarbreeze;0.24;Horario;29427.61
1973-08-25;2:10;987;665627;Lotstring;0.15;Horario;15991.49
1972-01-26;10:45;798;692695;Pannier;0.77;Horario;32498.74
1970-11-23;8:26;147;372756;Voltsillam;0.43;Horario;20438.69
1973-01-10;13:30;258;805246;Kanlam;0.51;Horario;4857.02
1972-11-06;0:10;369;823343;Tampflex;0.2;Horario;28167.28
1972-02-22;6:50;741;656902;Zoolab;0.46;Anti-Horario;12459.95
1971-07-13;7:53;852;655030;Domainer;0.45;Anti-Horario;15841.88
1970-08-03;10:43;963;782505;Flowdesk;0.64;Anti-Horario;1873.86
1971-08-14;19:40;753;392849;Tresom;0.72;Horario;31043.25
1970-01-06;20:28;951;597951;Job;0.85;Anti-Horario;15556.01
1972-03-03;16:23;456;787854;Daltfresh;0.46;Horario;2534.57
1973-09-28;12:43;123;485206;Rank;0.28;Anti-Horario;839.54
1970-04-06;19:34;654;902198;Viva;0.78;Horario;34914.55
1972-07-08;14:55;987;502165;Zamit;0.32;Horario;29822.62
1973-07-29;20:28;798;611679;Flowdeskcito;0.03;Anti-Horario;30775.12
1973-09-19;23:06;147;695833;Y-find;0.09;Horario;6067.31
1972-04-21;20:56;258;984198;Bamity;0.54;Horario;33217.12
1970-10-08;11:45;369;883390;Aerified;0.79;Anti-Horario;29062.38
1970-01-14;23:34;741;805169;Asoka;0.33;Horario;1867.7
1973-03-03;22:03;852;430939;Bigtax;0.91;Horario;34775.64
1971-09-27;12:26;963;946995;Malentin;0.91;Horario;17664.28
1972-12-31;2:56;753;434302;KnockingTravel;0.79;Horario;15929.49
1970-07-09;3:12;951;335688;DomainerViaje;0.63;Anti-Horario;21781.91
1971-01-21;9:18;456;663840;HolaMundo;0.41;Anti-Horario;3859.51
1971-05-30;6:49;123;502946;Viajemania;0.87;Anti-Horario;27872.59
1973-06-15;20:46;654;745355;Bytecard;0.17;Horario;26703.83
1972-09-29;15:59;987;886545;Stronghold;0.89;Anti-Horario;13097.18
1971-09-25;12:20;798;747946;Tempsoft;0.42;Horario;12550.82
1970-12-22;2:44;147;598787;Otcom;0.93;Horario;14594.22
1973-10-27;16:37;258;406259;Zathin;0.95;Anti-Horario;12296.5
1971-09-10;12:26;369;977787;Stringtough;0.05;Horario;26249.38
1970-03-15;14:16;741;888082;Asoka;0.39;Anti-Horario;26764.45
1972-08-07;9:17;852;681167;Gembucket;0.91;Anti-Horario;17216.59
1970-05-18;12:41;963;344628;It;0.92;Anti-Horario;30200.2
1973-10-21;16:03;753;433904;Target;0.77;Anti-Horario;4253.9
1970-05-15;7:16;951;436571;GrupoFeliz;0.21;Anti-Horario;11711.24
1971-12-21;20:44;456;660361;Fix San;0.84;Horario;34840.84
1972-06-07;1:40;123;421634;Lotlux;0;Horario;17528.05
1973-05-11;0:32;654;831072;MaikolsAgency;0.9;Horario;28909.29
1972-12-16;5:05;987;433920;Agencialand;0.78;Horario;8616.19
1972-06-13;7:47;798;502159;ZathinAgency;0.27;Horario;1888.3
1972-06-02;10:02;147;818940;Wololo;0.29;Horario;2940.03
1972-11-09;11:28;258;375552;Cardguard;0.01;Anti-Horario;33690.01
1973-03-08;22:58;369;491996;Cambiando;0.12;Horario;28959.35
1972-09-03;7:05;741;916196;Fintone;0.17;Anti-Horario;30058.28
1970-01-08;15:58;852;936320;Tin;0.68;Anti-Horario;25425.52
1971-12-14;5:58;963;795041;Zaam-Dox;0.06;Anti-Horario;15789.04
1971-07-30;9:43;753;756597;CantandoViajes;0.5;Horario;30019.48
1970-07-31;0:32;951;702505;Konklab;0.12;Anti-Horario;31757.82
1973-08-16;9:55;654;829487;Solarbreeze;0.64;Horario;27806.18
1971-04-01;11:34;987;627191;Lotstring;0.23;Anti-Horario;23604.68
1972-07-17;22:19;798;343186;Pannier;0.96;Horario;18760.89
1972-04-20;11:47;147;399709;Voltsillam;0.91;Anti-Horario;31813.72
1971-06-23;13:10;258;683626;Kanlam;0.6;Horario;4092.18
1972-01-06;11:20;369;586442;Tampflex;0.02;Anti-Horario;31814.94
1971-12-22;4:29;741;535947;Zoolab;0.54;Anti-Horario;3749.42
1970-07-21;19:10;852;376916;Domainer;0.69;Horario;14735.46
1970-08-18;11:19;963;508480;Flowdesk;0.5;Anti-Horario;12209.75
1970-02-02;11:57;753;838210;Tresom;0.74;Horario;15340.47
1971-12-01;19:38;951;929249;Job;0.88;Horario;27291.36
1970-01-22;8:33;456;757907;Daltfresh;0.32;Anti-Horario;19040.38
1971-03-13;2:14;123;606211;Rank;0.8;Horario;33762.48
1972-03-24;22:34;654;679319;Viva;0.73;Anti-Horario;31879.85
1971-07-20;18:06;987;701382;Zamit;0.33;Anti-Horario;11749.28
1972-12-18;15:52;798;395559;Flowdeskcito;0.38;Anti-Horario;34606.56
1972-07-26;6:49;147;665493;Y-find;0.93;Anti-Horario;6111.36
1971-11-22;17:50;258;488055;Bamity;0.67;Horario;16931.08
1972-09-05;2:32;369;411334;Aerified;0.41;Horario;1813.28
1971-02-19;1:55;741;576589;Asoka;0.16;Horario;7069.91
1972-12-13;1:50;852;825592;Bigtax;0.06;Anti-Horario;20716.68
1971-03-20;7:44;963;862025;Malentin;0.28;Anti-Horario;23197.04
1970-03-10;14:57;753;380786;KnockingTravel;0.33;Anti-Horario;29105.15
1972-08-21;18:59;951;697911;DomainerViaje;0.56;Horario;26491.62
1973-02-02;12:18;456;700417;HolaMundo;0.75;Horario;27707.77
1971-05-21;20:50;123;778240;Viajemania;0.62;Anti-Horario;12383.78
1973-07-11;8:29;654;811492;Bytecard;0.02;Horario;12983.14
1972-11-05;5:31;987;756499;Stronghold;0.79;Horario;20423.89
1973-10-16;2:27;798;452476;Tempsoft;0.96;Anti-Horario;27588.79
1973-02-05;13:51;147;504523;Otcom;0.87;Anti-Horario;12004.29
1970-10-24;21:06;258;476967;Zathin;0.94;Anti-Horario;2115.84
1973-09-23;14:39;369;593412;Stringtough;0.41;Anti-Horario;5360.67
1972-11-08;14:36;741;884211;Asoka;0.38;Horario;20731.16
1972-07-09;2:38;852;550681;Gembucket;0.83;Anti-Horario;16952.41
1973-11-07;11:57;963;344846;It;0.59;Anti-Horario;168.25
1973-06-16;9:00;753;722021;Target;0.08;Anti-Horario;1902.35
1971-01-25;22:06;951;523152;GrupoFeliz;0.94;Horario;19810.89
1971-06-21;16:28;456;591822;Fix San;0.38;Anti-Horario;6747.39
1973-11-20;11:20;123;345052;Lotlux;0.84;Anti-Horario;21939.87
1970-03-25;3:29;654;424949;MaikolsAgency;0.57;Anti-Horario;1828.25
1972-09-04;2:41;987;480015;Agencialand;0.48;Horario;9354.27
1972-11-16;19:04;798;721712;ZathinAgency;0.96;Horario;29458.47
1972-03-29;4:13;147;918887;Wololo;0.16;Horario;28653.27
1971-10-01;18:06;258;761059;Cardguard;0.06;Anti-Horario;19967.54
1973-11-14;19:31;369;623945;Cambiando;0.26;Horario;17016.06
1971-07-27;18:02;741;383695;Fintone;0.23;Horario;2334.4
1972-09-18;3:36;852;894103;Tin;0.8;Horario;10430.29
1972-10-04;13:43;963;795380;Zaam-Dox;0.85;Horario;10165.72
1971-09-15;15:31;753;634314;CantandoViajes;0.49;Horario;27396
1970-02-08;5:55;951;617322;Konklab;0.45;Anti-Horario;13404.83
1970-09-22;7:38;951;610747;Solarbreeze;0.6;Horario;20260.92
1971-01-27;6:45;654;456957;Lotstring;0.65;Horario;17892.08
1970-07-15;19:46;987;614284;Pannier;0.78;Anti-Horario;31841.12
1971-04-16;10:51;798;878056;Voltsillam;0.89;Horario;30040.55
1970-09-11;1:52;147;917678;Kanlam;0.64;Horario;12794.27
1972-01-20;18:35;258;492902;Tampflex;0.87;Anti-Horario;17497.77
1970-11-23;7:13;369;780029;Zoolab;0.57;Horario;25963.22
1972-02-02;22:37;741;619175;Domainer;0.78;Horario;11558.58
1970-10-27;10:09;852;323771;Flowdesk;0.4;Horario;13445.02
1971-01-14;1:29;963;760717;Tresom;0.92;Anti-Horario;30592.64
1973-06-16;14:52;753;794228;Job;0.69;Horario;32899.57
1970-03-03;15:12;951;498238;Daltfresh;0.17;Horario;32348.63
1973-02-27;13:19;456;591773;Rank;0.16;Horario;18903.92
1972-04-13;21:09;123;619846;Viva;0.73;Anti-Horario;29173.44
1972-08-16;12:32;654;792005;Zamit;0.63;Horario;12267.14
1970-05-31;15:06;987;467294;Flowdeskcito;0.86;Horario;25669.79
1972-09-17;9:18;798;821348;Y-find;0.56;Horario;27189.49
1970-10-17;0:02;147;537805;Bamity;0.2;Anti-Horario;1850
1973-09-25;11:05;258;671327;Aerified;0.49;Anti-Horario;21530.62
1971-03-27;3:03;369;701247;Asoka;0.02;Horario;7041.37
1970-09-18;7:56;741;840944;Bigtax;0.81;Horario;18135.77
1972-05-17;5:11;852;656373;Malentin;0.8;Anti-Horario;30130.25
1970-03-22;8:02;963;769865;KnockingTravel;0.74;Anti-Horario;33035.39
1973-07-10;10:41;753;915162;DomainerViaje;0.97;Anti-Horario;23797.87
1970-05-29;17:24;951;955902;HolaMundo;0.17;Anti-Horario;570.24
1971-07-10;3:14;456;368569;Viajemania;0.25;Anti-Horario;2673.13
1973-05-09;5:26;123;389240;Bytecard;0.26;Anti-Horario;16222.54
1972-10-15;17:43;654;688606;Stronghold;0.5;Horario;1949.6
1970-02-03;17:57;987;755829;Tempsoft;0.46;Anti-Horario;2779.51
1970-11-16;22:33;798;345056;Otcom;0.43;Anti-Horario;21895.69
1972-04-30;16:45;147;838447;Zathin;0.16;Horario;9631.94
1971-02-04;16:48;258;691770;Stringtough;0.46;Anti-Horario;17214.9
1970-11-01;18:02;369;468315;Asoka;0.94;Horario;16442.74
1972-04-06;6:36;741;919377;Gembucket;0.87;Anti-Horario;17465.31
1973-08-18;23:40;852;617000;It;0.14;Horario;8497.49
1973-05-05;19:06;963;673597;Target;0.26;Horario;20121.24
1971-06-28;23:34;753;600820;GrupoFeliz;0.08;Horario;11267.39
1970-05-13;1:35;951;935579;Fix San;0.47;Horario;848.1
1971-11-23;1:09;456;858534;Lotlux;0.29;Horario;12010.23
1971-06-29;21:22;123;939925;MaikolsAgency;0.93;Anti-Horario;33578.92
1970-07-11;7:50;654;570443;Agencialand;0.39;Anti-Horario;15386.5
1973-02-24;7:27;987;579717;ZathinAgency;0.68;Anti-Horario;5791.91
1970-03-31;2:16;798;723861;Wololo;0.82;Anti-Horario;26299.72
1972-02-08;7:31;147;375024;Cardguard;0.32;Horario;21621.49
1971-03-24;9:28;258;784541;Cambiando;0.77;Anti-Horario;18915.27
1973-03-05;6:35;369;821020;Fintone;0.34;Horario;26742.25
1973-02-14;21:22;741;357977;Tin;0.57;Anti-Horario;10368.18
1972-04-24;15:13;852;569622;Zaam-Dox;0.12;Anti-Horario;5999.09
1972-06-01;7:53;963;771867;CantandoViajes;0.93;Anti-Horario;12036.66
1972-11-06;16:55;753;575090;Konklab;0.86;Anti-Horario;2412.77
1970-04-09;8:09;951;870231;Solarbreeze;0.52;Horario;10363.42
1971-11-10;7:21;654;338327;Lotstring;0.07;Anti-Horario;525.15
1973-09-04;21:27;987;513013;Pannier;0.07;Anti-Horario;34382.39
1971-06-12;17:30;798;662783;Voltsillam;0.51;Anti-Horario;32455.14
1973-05-15;12:18;147;972299;Kanlam;0.57;Horario;11670.31
1971-09-25;6:06;258;341433;Tampflex;0.96;Anti-Horario;17448.74
1971-10-29;13:18;369;384125;Zoolab;0.68;Anti-Horario;7317.08
1971-04-11;18:48;741;882259;Domainer;0.61;Anti-Horario;23529.18
1971-02-03;6:01;852;651562;Flowdesk;0.27;Anti-Horario;28790.42
1970-05-10;3:49;963;407034;Tresom;0.83;Horario;8611.22
1971-06-28;21:39;753;849540;Job;0.8;Anti-Horario;12345.94
1972-05-01;6:19;951;479305;Daltfresh;0.68;Horario;21777.29
1973-07-08;23:37;456;951749;Rank;0.81;Anti-Horario;33610.97
1971-10-17;4:32;123;565602;Viva;0.48;Horario;33054.84
1970-07-19;9:46;654;935189;Zamit;0.46;Horario;2482.2
1972-08-06;2:01;987;724468;Flowdeskcito;0.12;Anti-Horario;2689.56
1970-11-04;10:47;798;547021;Y-find;0.75;Horario;31619.73
1971-03-03;9:43;147;447105;Bamity;0.07;Anti-Horario;32816.52
1971-02-01;15:20;258;738134;Aerified;0.03;Anti-Horario;23401.09
1973-10-30;20:56;369;758323;Asoka;0.64;Anti-Horario;10315.47
1970-04-19;13:43;741;610681;Bigtax;0.23;Horario;34582.76
1973-10-24;6:25;852;454390;Malentin;0.5;Horario;34811.82
1971-03-26;3:10;963;945153;KnockingTravel;0.43;Horario;15465.19
1970-10-01;2:52;753;957245;DomainerViaje;0.91;Anti-Horario;13212.73
1970-05-19;17:23;951;618646;HolaMundo;0.35;Horario;3231.83
1971-06-01;6:43;456;638866;Viajemania;0.55;Anti-Horario;34763.44
1970-03-06;16:34;123;514814;Bytecard;0.95;Anti-Horario;8459.3
1971-10-18;10:10;654;913367;Stronghold;0.31;Horario;34654.13
1971-02-07;7:27;987;343245;Tempsoft;0.28;Anti-Horario;26743.91
1970-03-31;10:07;798;359862;Otcom;0.33;Horario;24620.7
1972-07-19;5:05;147;914126;Zathin;0.7;Anti-Horario;1337.18
1972-04-14;7:06;258;829755;Stringtough;0.42;Horario;3149.33
1972-09-15;2:52;369;657939;Asoka;0.65;Anti-Horario;19308.94
1970-04-13;15:34;741;375059;Gembucket;0.45;Horario;17969.34
1971-08-25;1:52;852;822940;It;0.8;Anti-Horario;2409.85
1971-12-16;7:17;963;483538;Target;0.33;Anti-Horario;13443.72
1973-06-17;14:33;753;955314;GrupoFeliz;0.76;Horario;33095.39
1971-06-30;5:31;951;868219;Fix San;0.26;Anti-Horario;16946.07
1970-08-01;21:09;456;563736;Lotlux;0.91;Anti-Horario;2225.78
1971-09-22;17:47;123;337848;MaikolsAgency;0.43;Anti-Horario;13877.19
1972-12-01;4:44;654;887492;Agencialand;0.25;Horario;24709.79
1973-06-07;12:59;987;325338;ZathinAgency;0.49;Horario;18704.09
1972-07-04;11:23;798;868125;Wololo;0.04;Horario;14766.86
1973-09-07;6:34;147;832179;Cardguard;0.31;Anti-Horario;11650.4
1970-11-06;7:54;258;830647;Cambiando;0.44;Anti-Horario;6300.31
1972-06-22;20:05;369;798655;Fintone;0.8;Horario;11635.85
1971-12-06;13:24;741;909256;Tin;0.41;Horario;4052.54
1972-12-26;10:11;852;373180;Zaam-Dox;0.86;Horario;12416.21
1970-11-21;15:04;963;579295;CantandoViajes;0.58;Horario;2694.23
1971-02-10;19:45;753;948359;Konklab;0.85;Horario;20738.47
1972-09-10;11:25;951;641464;Solarbreeze;0.97;Horario;33136.7
1970-01-20;1:42;987;568344;Lotstring;0.54;Anti-Horario;28938.89
1971-06-21;4:29;654;343133;Pannier;0.66;Horario;25313.61
1970-07-12;12:03;987;725559;Voltsillam;0.59;Horario;23591.89
1973-08-19;12:45;798;371107;Kanlam;0.85;Anti-Horario;31924.11
1972-03-01;14:21;147;354380;Tampflex;0.86;Anti-Horario;25546.39
1973-09-28;15:17;258;615786;Zoolab;0.52;Horario;22833.6
1972-06-24;23:23;369;472558;Domainer;0.93;Anti-Horario;11310.01
1970-02-12;13:23;741;586790;Flowdesk;0.09;Horario;31808.98
1973-07-31;13:51;852;730981;Tresom;0.35;Anti-Horario;34440.2
1970-02-03;15:09;963;794921;Job;0.42;Horario;3403.94
1970-02-12;7:03;753;828974;Daltfresh;0.56;Horario;3936.45
1970-10-15;5:50;951;448327;Rank;0.96;Horario;6994.53
1972-10-01;2:45;456;726472;Viva;0.43;Horario;24395.95
1971-04-24;18:34;123;522575;Zamit;0.52;Anti-Horario;23277.99
1971-09-26;14:10;654;831314;Flowdeskcito;0.64;Anti-Horario;27007.58
1973-05-24;6:37;987;694997;Y-find;0.29;Horario;26936.07
1971-01-21;6:16;798;366171;Bamity;0.67;Anti-Horario;25826.62
1973-07-16;5:49;147;611175;Aerified;0.6;Anti-Horario;5088.41
1971-11-15;12:19;258;580677;Asoka;0.31;Horario;25952.04
1970-03-10;5:05;369;390363;Bigtax;0.34;Anti-Horario;32826.24
1973-07-08;5:28;741;911703;Malentin;0.86;Anti-Horario;12372.25
1970-10-14;0:23;852;566093;KnockingTravel;0.95;Horario;23986.67
1973-10-14;2:29;963;977363;DomainerViaje;1;Horario;103.78
1972-10-04;3:58;753;396683;HolaMundo;0.33;Horario;8382.67
1973-07-26;8:54;951;574076;Viajemania;0.06;Horario;16825.82
1970-03-19;10:13;456;495605;Bytecard;0.39;Anti-Horario;5813.11
1970-05-02;3:41;123;770359;Stronghold;0.53;Horario;8079.3
1970-06-26;22:54;654;762124;Tempsoft;0.19;Anti-Horario;19289.91
1970-12-26;2:59;987;865357;Otcom;0.38;Anti-Horario;3595.83
1972-06-24;9:34;798;681958;Zathin;0.17;Horario;33867.41
1973-01-01;14:56;147;972354;Stringtough;0.41;Horario;5905.83
1971-01-25;18:26;258;749348;Asoka;0.19;Anti-Horario;28866.47
1972-04-01;16:33;369;766242;Gembucket;0.72;Horario;23089.65
1971-11-16;1:13;741;974838;It;0.4;Anti-Horario;22110.26
1973-10-26;16:31;852;920191;Target;0.34;Anti-Horario;28119.28
1971-12-02;9:50;963;754883;GrupoFeliz;0.57;Anti-Horario;4295.13
1970-07-16;5:44;753;589316;Fix San;0.06;Horario;10672.51
1971-11-14;18:29;951;974802;Lotlux;0.89;Anti-Horario;3781.93
1970-03-11;7:55;456;638853;MaikolsAgency;0.3;Horario;5463.81
1971-10-17;22:37;123;350561;Agencialand;0.76;Horario;33110.09
1973-04-30;19:27;654;481247;ZathinAgency;0.2;Anti-Horario;30838.07
1971-04-29;17:58;987;633145;Wololo;0.44;Horario;29403.55
1970-10-04;11:07;798;812719;Cardguard;0.59;Horario;9137.99
1972-12-02;13:03;147;512162;Cambiando;0.88;Anti-Horario;10386.59
1971-01-14;8:05;258;932798;Fintone;0.16;Anti-Horario;20126.19
1972-12-28;5:19;369;500010;Tin;0.53;Anti-Horario;1502.61
1973-05-03;4:07;741;395651;Zaam-Dox;0.64;Horario;25784.6
1970-01-31;16:03;852;476418;CantandoViajes;0.93;Anti-Horario;9284.67
1970-10-28;2:20;963;346458;Solarbreeze;0.75;Anti-Horario;20153.04
1973-02-10;14:21;753;651590;Lotstring;0.53;Anti-Horario;26303
1970-12-23;15:29;951;947286;Pannier;0.71;Anti-Horario;16932.12
1970-01-16;12:18;654;752044;Voltsillam;0.22;Anti-Horario;34814.23
1972-05-29;5:45;987;347178;Kanlam;0.52;Anti-Horario;30968.35
1970-07-03;16:27;798;721823;Tampflex;0.8;Anti-Horario;17779.4
1971-11-04;2:44;147;650849;Zoolab;0.26;Horario;5874.24
1970-06-19;15:46;258;483585;Domainer;0.88;Horario;5840.84
1973-02-16;10:05;369;915237;Flowdesk;0.78;Anti-Horario;2186.19
1971-08-11;10:22;741;399139;Tresom;0.39;Horario;29041.35
1971-01-22;1:05;852;466543;Job;0.23;Anti-Horario;30194.63
1973-11-20;13:52;963;438021;Daltfresh;0.85;Anti-Horario;23851.06
1971-10-31;10:14;753;788936;Rank;0.79;Horario;14024.63
1973-01-20;3:24;951;713144;Viva;0.26;Anti-Horario;662.2
1972-05-12;11:43;456;923929;Zamit;0.01;Horario;26525.76
1971-05-26;8:57;123;706786;Flowdeskcito;0.06;Anti-Horario;4066.25
1973-01-02;9:55;654;499600;Y-find;0.48;Anti-Horario;4697.98
1971-03-17;9:58;987;786255;Bamity;0.53;Horario;31705.01
1973-11-05;9:33;798;440881;Aerified;0.13;Anti-Horario;18426.54
1970-04-11;19:09;147;815550;Asoka;0.74;Horario;5778.19
1970-09-26;8:49;258;787017;Bigtax;0.26;Anti-Horario;9309.74
1970-06-25;10:51;369;543097;Malentin;0.66;Horario;20383.3
1972-02-03;17:23;741;560812;KnockingTravel;0.21;Anti-Horario;9521.18
1972-06-07;10:12;852;882305;DomainerViaje;0.32;Horario;26626.42
1972-07-14;10:49;963;339930;HolaMundo;0.05;Horario;18041.55
1973-02-04;16:10;753;712887;Viajemania;0.27;Anti-Horario;30623.21
1970-06-25;5:05;951;696663;Bytecard;0.78;Horario;22088.99
1972-09-01;23:56;456;435346;Stronghold;0.44;Anti-Horario;32985.01
1971-01-12;0:44;123;613174;Tempsoft;0.6;Anti-Horario;29067.25
1970-02-04;23:29;654;464227;Otcom;0.8;Horario;11380.45
1970-08-28;12:32;987;934565;Zathin;0.02;Anti-Horario;14655.68
1972-02-24;23:05;798;626981;Stringtough;0.14;Horario;31643.66
1970-04-09;3:04;147;700057;Asoka;0.44;Anti-Horario;14460.24
1970-05-19;2:27;258;903943;Gembucket;0.61;Anti-Horario;30387.34
1971-10-07;14:28;369;447453;It;0.24;Anti-Horario;32071.59
1970-12-20;16:48;741;800660;Target;0.41;Anti-Horario;4335.42
1972-10-19;7:56;852;520783;GrupoFeliz;0.46;Anti-Horario;30402.32
1972-01-05;4:26;963;788099;Fix San;0.83;Horario;34620.9
1970-11-02;15:22;753;650599;Lotlux;0.65;Horario;5606.95
1970-03-20;3:15;951;868490;MaikolsAgency;0.33;Anti-Horario;33108.05
1970-09-03;12:17;456;947651;Agencialand;0.8;Horario;6676.4
1970-05-29;0:15;123;446438;ZathinAgency;0.83;Horario;19553.71
1970-03-14;23:53;654;775608;Wololo;0.62;Horario;5050.16
1973-11-26;6:08;987;876210;Cardguard;0.59;Anti-Horario;27452.29
1971-07-22;22:45;798;379826;Cambiando;0.04;Anti-Horario;15372.43
1972-07-20;7:30;147;719770;Fintone;0.87;Horario;30593.11
1970-12-22;4:40;258;837091;Tin;0.25;Anti-Horario;4470.27
1970-06-29;1:23;369;777440;Zaam-Dox;0.83;Anti-Horario;21571.82
1972-08-28;6:24;741;547423;CantandoViajes;0.8;Horario;30461.71
1973-07-21;14:13;852;488493;Konklab;0.5;Anti-Horario;28451.76
1971-07-24;16:12;963;805055;Solarbreeze;0.1;Anti-Horario;6693.36
1970-03-25;0:30;753;714766;Lotstring;1;Horario;26456.02
1971-07-22;18:32;951;679906;Pannier;0.77;Horario;25951.72
1972-03-25;19:38;654;462045;Voltsillam;0.42;Anti-Horario;16961.75
1970-01-03;21:39;987;970166;Kanlam;0.93;Anti-Horario;2768.31
1973-01-28;8:15;798;843784;Tampflex;0.85;Anti-Horario;1758.95
1970-04-22;19:21;147;722583;Zoolab;0.89;Anti-Horario;2248.55
1973-01-17;20:40;258;769476;Domainer;0.51;Anti-Horario;7989.72
1971-07-11;5:56;369;733312;Flowdesk;0.85;Horario;3096.87
1973-08-27;16:27;741;874951;Tresom;0.82;Horario;2215.5
1973-05-03;9:59;852;844630;Job;0.15;Horario;21644.9
1972-07-26;22:59;963;972837;Daltfresh;0.38;Anti-Horario;26133.63
1971-12-13;13:42;753;524531;Rank;0.97;Horario;33084.38
1972-11-18;19:40;951;834882;Viva;0.2;Horario;3796.83
1971-03-15;9:25;456;507210;Zamit;0.42;Anti-Horario;30561.71
1971-01-10;11:28;123;553427;Flowdeskcito;0.94;Anti-Horario;34591.78
1972-07-29;12:55;654;776077;Y-find;0.61;Horario;264.37
1973-03-03;17:11;987;416189;Bamity;0.09;Anti-Horario;16242.11
1970-05-04;3:52;798;746307;Aerified;0.64;Horario;10904.3
1973-05-05;10:35;147;364324;Asoka;1;Horario;11852
1973-09-09;0:30;258;982871;Bigtax;0.06;Horario;24795.59
1970-05-10;4:26;369;386242;Malentin;0.64;Anti-Horario;27804.21
1973-02-24;7:09;741;472033;KnockingTravel;0.65;Horario;22899.42
1971-03-14;20:19;852;619463;DomainerViaje;0.42;Anti-Horario;18076.57
1970-11-17;16:46;963;373683;HolaMundo;0.07;Anti-Horario;770.95
1972-09-23;4:47;753;650557;Viajemania;0.31;Horario;12941.73
1970-03-12;10:22;951;393805;Bytecard;0.89;Horario;5436.69
1971-04-02;22:35;456;423981;Stronghold;0.63;Horario;9609.07
1971-04-09;10:03;123;983449;Tempsoft;0.71;Anti-Horario;32576.88
1971-02-12;6:28;654;855089;Otcom;0.33;Anti-Horario;21321.59
1971-12-16;7:35;987;476736;Zathin;0.27;Horario;23787.13
1972-09-29;4:28;798;876363;Stringtough;0.32;Anti-Horario;34618.19
1971-01-23;12:42;147;716961;Asoka;0.52;Horario;29451
1971-10-20;22:32;258;798317;Gembucket;0.8;Anti-Horario;18723.25
1971-08-13;18:29;369;847067;It;0.24;Horario;21754.94
1970-11-13;23:07;741;674011;Target;0.34;Horario;4194.83
1972-08-08;5:02;852;690538;GrupoFeliz;0.93;Anti-Horario;12157.56
1972-07-08;4:08;963;483909;Fix San;0.7;Anti-Horario;25460.19
1972-08-10;1:29;753;686088;Lotlux;0.82;Anti-Horario;485.72
1972-03-29;15:51;951;801489;MaikolsAgency;0.02;Horario;1057.95
1973-03-01;15:24;456;735422;Agencialand;0.91;Horario;21844.1
1971-07-08;10:08;123;874162;ZathinAgency;0.07;Horario;3239.36
1970-11-18;18:17;654;775765;Wololo;0.88;Horario;15673.13
1971-09-12;11:07;987;906532;Cardguard;0.9;Horario;34078.53
1972-07-21;20:34;798;725420;Cambiando;0.37;Horario;23728.64
1971-01-05;2:13;147;714406;Fintone;0.51;Horario;20123.78
1972-02-28;0:46;258;614584;Tin;0.74;Anti-Horario;29564
1973-10-17;0:34;369;496981;Zaam-Dox;0.86;Anti-Horario;24653.05
1970-10-04;6:16;741;605578;CantandoViajes;0.31;Anti-Horario;20399.76
1972-01-09;11:02;852;545842;Konklab;0.41;Horario;13111.18
1971-12-30;10:19;963;328359;Solarbreeze;0.69;Horario;24686.52
1970-03-30;11:37;753;337190;Lotstring;0.39;Horario;18466.34
1972-03-06;2:39;951;767894;Pannier;0.19;Horario;21334.94
1972-03-29;7:56;654;419650;Voltsillam;0.03;Anti-Horario;31265.3
1973-02-28;3:24;987;563918;Kanlam;0.66;Horario;18133.49
1973-09-09;20:29;798;814453;Tampflex;0.71;Horario;17595.71
1971-12-21;4:15;147;890122;Zoolab;0.61;Anti-Horario;24093.93
1970-10-16;16:43;258;346030;Domainer;0.7;Anti-Horario;30947.7
1971-11-06;8:30;369;733417;Flowdesk;0.27;Horario;33866.89
1971-10-13;16:46;741;914372;Tresom;0.28;Anti-Horario;30269.65
1973-04-14;6:20;852;967552;Job;0.9;Horario;24934.8
1973-08-21;14:16;963;898725;Daltfresh;0.77;Horario;29831.55
1971-04-04;13:01;753;680439;Rank;0.2;Anti-Horario;24283.83
1971-07-16;11:23;951;653263;Viva;0.82;Anti-Horario;2093.4
1970-07-02;6:07;456;823279;Zamit;0.31;Anti-Horario;33593.62
1973-07-27;12:00;123;794924;Flowdeskcito;0.92;Anti-Horario;34550.88
1970-06-16;23:20;654;522464;Y-find;0.74;Anti-Horario;2298.56
1973-12-04;6:42;987;772910;Bamity;0.31;Horario;12113.69
1972-11-13;23:58;798;380399;Aerified;0.83;Anti-Horario;25560.1
1970-04-27;18:45;147;960215;Asoka;0.18;Anti-Horario;16812.45
1972-12-27;16:17;258;675433;Bigtax;0.57;Horario;4793.29
1971-10-02;17:30;369;949394;Malentin;0.55;Horario;16160.8
1971-03-06;13:23;741;956385;KnockingTravel;0.08;Horario;22020.67
1973-06-08;3:26;852;427901;DomainerViaje;0.27;Anti-Horario;22763.61
1970-09-30;17:09;963;828500;HolaMundo;0.37;Horario;18803.73
1971-10-27;20:29;753;886821;Viajemania;0.71;Horario;29149.51
1971-08-11;19:00;951;681029;Bytecard;0.59;Horario;3443.72
1972-01-27;8:23;456;374273;Stronghold;0.43;Horario;20580.1
1971-08-26;22:57;123;913470;Tempsoft;0.26;Anti-Horario;3895.1
1970-01-29;16:40;654;983049;Otcom;0.02;Anti-Horario;31506.47
1970-12-15;10:26;987;631453;Zathin;0.15;Anti-Horario;1521.56
1973-10-06;11:35;798;817590;Stringtough;0.29;Anti-Horario;32513.66
1972-04-05;2:53;147;624407;Asoka;0.58;Horario;22274.54
1971-01-29;8:20;258;734944;Gembucket;0.41;Anti-Horario;24860.01
1971-09-30;14:52;369;547321;It;0.51;Horario;34447.29
1970-01-05;9:20;741;559261;Target;0.62;Anti-Horario;6220.14
1970-09-28;12:23;852;899948;GrupoFeliz;0.83;Horario;14287.42
1973-08-06;21:29;963;665194;Fix San;0.76;Horario;5888.64
1973-09-04;21:42;753;902904;Lotlux;0.72;Anti-Horario;31934.33
1971-07-10;20:54;951;794588;MaikolsAgency;0.59;Horario;5401.47
1970-10-12;15:02;456;625263;Agencialand;0.39;Anti-Horario;27998.44
1972-03-27;21:55;123;721895;ZathinAgency;0.49;Horario;31412.83
1973-05-19;23:05;654;558606;Wololo;0.44;Horario;13471.41
1973-07-03;16:45;987;457910;Cardguard;0.91;Horario;17157.78
1972-11-29;10:44;798;635359;Cambiando;0.36;Anti-Horario;1175.63
1973-02-04;0:27;147;655122;Fintone;0.71;Anti-Horario;24067.16
1970-10-03;20:39;258;367998;Tin;0.62;Anti-Horario;21083.1
1970-04-30;13:06;369;978266;Zaam-Dox;0.71;Anti-Horario;25581.68
1973-10-09;22:51;741;420947;CantandoViajes;0.57;Horario;32948.49
1971-10-23;11:56;852;772861;Konklab;0.08;Anti-Horario;23788.62
1970-05-16;14:17;963;474707;Solarbreeze;0.69;Anti-Horario;21269
1973-03-26;0:28;753;549746;Lotstring;0.7;Anti-Horario;34972.57
1972-09-09;8:33;951;532784;Pannier;0.75;Horario;26588.32
1970-05-18;15:10;654;827119;Voltsillam;0.99;Anti-Horario;32449.25
1971-01-29;4:54;654;597511;Kanlam;0.31;Horario;23272.97
1971-09-12;22:25;987;665765;Tampflex;0.11;Horario;32631.1
1973-10-12;10:47;798;516862;Zoolab;0.21;Anti-Horario;18701.91
1970-10-13;10:47;147;642525;Domainer;0.82;Anti-Horario;18903.04
1971-02-11;6:36;258;408896;Flowdesk;0.28;Horario;12843.29
1970-05-29;23:01;369;585314;Tresom;0.9;Horario;18593
1973-05-05;21:36;741;718220;Job;0.65;Horario;26953.22
1971-09-01;16:41;852;666229;Daltfresh;0.11;Horario;26143
1971-12-07;6:02;963;754097;Rank;0.05;Horario;12547.6
1972-09-14;8:12;753;745115;Viva;0.47;Anti-Horario;33447.68
1970-09-23;16:12;951;768990;Zamit;0.71;Anti-Horario;7761.37
1972-09-11;18:55;456;737297;Flowdeskcito;0.12;Horario;13606.49
1970-12-17;4:55;123;568836;Y-find;0.61;Anti-Horario;17613.54
1970-06-23;9:05;654;330977;Bamity;0.76;Horario;29913.79
1970-03-27;2:16;987;381882;Aerified;0.2;Horario;24198.47
1970-01-05;18:25;798;563937;Asoka;0.9;Anti-Horario;31311.02
1970-06-04;10:26;147;852756;Bigtax;0.33;Horario;2164.18
1971-02-04;1:19;258;497471;Malentin;0.14;Anti-Horario;15988.5
1973-11-30;7:56;369;849921;KnockingTravel;0.44;Horario;22406.22
1972-12-16;0:39;741;714481;DomainerViaje;0.99;Anti-Horario;23016.62
1970-09-15;21:33;852;436002;HolaMundo;0.12;Anti-Horario;13538.59
1971-05-26;18:46;963;805131;Viajemania;0.97;Anti-Horario;26752.44
1970-05-25;9:42;753;576124;Bytecard;0.66;Anti-Horario;25561.65
1971-12-09;6:44;951;546655;Solarbreeze;0.31;Horario;13992.35
1972-06-08;21:25;456;591575;Lotstring;0.22;Anti-Horario;30887.36
1973-05-31;4:31;123;331248;Pannier;0.09;Horario;18048.51
1973-01-31;6:40;654;906241;Voltsillam;0.09;Anti-Horario;30173.73
1970-05-22;22:44;987;938479;Kanlam;0.47;Anti-Horario;23825.15
1970-12-05;2:24;798;586525;Tampflex;0.35;Horario;12010.59
1971-01-26;20:14;147;865812;Zoolab;0.52;Horario;28154.3
1971-03-20;8:33;258;456892;Domainer;0.28;Anti-Horario;8018.54
1971-10-02;11:35;369;614503;Flowdesk;0.03;Anti-Horario;21168.31
1973-05-08;18:55;741;535469;Tresom;0.82;Anti-Horario;3871.81
1971-04-12;11:33;852;921113;Job;0.89;Horario;34720.64
1971-04-21;6:37;963;529500;Daltfresh;0.3;Horario;14185.5
1971-04-26;0:24;753;649604;Rank;0.13;Horario;27502.87
1970-09-16;10:11;951;695363;Viva;0.46;Anti-Horario;5343.68
1973-03-10;10:50;456;729100;Zamit;0.92;Anti-Horario;27635.29
1971-06-12;20:30;123;563164;Flowdeskcito;0.57;Anti-Horario;10035.01
1970-07-26;20:43;654;529100;Y-find;0.54;Horario;15085.15
1972-11-11;0:44;987;581487;Bamity;0.05;Horario;26013.39
1972-02-19;20:18;798;964984;Aerified;0.57;Horario;12280.06
1971-11-10;20:47;147;368793;Asoka;0.2;Horario;27620.13
1972-10-01;18:55;258;946887;Bigtax;0.98;Anti-Horario;30750.4
1973-08-31;0:12;369;342375;Malentin;0.19;Horario;10426.91
1972-02-11;23:02;741;885558;KnockingTravel;0.72;Horario;8417.71
1971-10-22;2:07;852;702225;DomainerViaje;0.27;Anti-Horario;32544.77
1970-10-08;21:13;963;663240;HolaMundo;0.13;Horario;27434.36
1972-11-16;7:59;753;807179;Viajemania;0.29;Anti-Horario;34455.81
1971-02-16;0:33;951;696010;Bytecard;0.22;Anti-Horario;15458.75
1971-12-05;7:56;654;467864;Stronghold;0.81;Anti-Horario;26982.15
1973-10-12;14:10;987;461751;Tempsoft;0.16;Horario;16260.3
1970-08-06;2:37;798;344793;Otcom;0.17;Anti-Horario;12047.6
1970-01-28;12:26;147;360934;Zathin;0.95;Horario;26987.09
1972-06-24;4:03;258;401435;Stringtough;0.56;Horario;22476.34
1970-03-19;20:26;369;821341;Asoka;0.87;Horario;20711.88
1972-12-04;5:23;741;886085;Gembucket;0.82;Anti-Horario;34231.84
1970-10-02;17:00;852;738089;It;0.7;Anti-Horario;17353.58
1970-09-01;11:28;963;535879;Target;0.35;Anti-Horario;6159.15
1970-04-07;6:51;753;908709;GrupoFeliz;0.19;Anti-Horario;6430.36
1970-07-07;7:08;951;511940;Fix San;0.71;Horario;23203.98
1972-12-31;3:41;456;491217;Lotlux;0.04;Horario;22646.89
1972-04-24;3:43;123;597826;MaikolsAgency;0.28;Anti-Horario;114.07
1973-03-25;3:12;654;725061;Agencialand;0.93;Horario;30808.84
1971-09-23;21:01;987;541533;ZathinAgency;0.77;Horario;7979.48
1972-12-27;19:23;798;592788;Wololo;0.91;Anti-Horario;23479.06
1973-09-07;6:43;147;802942;Cardguard;0.58;Horario;30378.82
1972-07-17;12:39;258;788611;Cambiando;0.97;Anti-Horario;15627.5
1973-04-16;17:39;369;690821;Fintone;0.97;Horario;25676.76
1972-03-28;22:21;741;747935;Tin;0.96;Anti-Horario;19271.21
1971-03-31;16:05;852;772067;Zaam-Dox;0.04;Horario;4609.39
1970-08-19;3:29;963;681828;CantandoViajes;0.02;Horario;22978.5
1970-11-30;11:21;753;612386;Konklab;0.03;Anti-Horario;1297.39
1973-06-25;11:27;951;540648;Solarbreeze;0.67;Anti-Horario;32459.64
1973-01-02;3:03;456;879634;Lotstring;0.82;Anti-Horario;9519.82
1970-09-14;14:54;123;940185;Pannier;0.3;Horario;30212.89
1972-06-09;13:34;654;836172;Voltsillam;0.87;Horario;21150.75
1973-09-18;13:17;987;371533;Kanlam;0.61;Anti-Horario;15475.41
1970-09-20;23:24;798;695684;Tampflex;0.88;Anti-Horario;28226.33
1970-11-23;5:04;147;638454;Zoolab;0.96;Horario;27314.39
1970-09-26;0:44;258;654288;Domainer;0.41;Horario;6352.27
1973-08-14;3:44;369;979901;Flowdesk;0.59;Horario;28156.38
1973-02-23;20:08;741;855938;Tresom;0.12;Anti-Horario;4059.83
1971-12-02;2:51;852;881738;Job;0.77;Anti-Horario;33382.51
1971-01-29;3:03;963;933437;Daltfresh;0.89;Horario;16374.78
1972-11-17;23:04;753;378520;Rank;0.44;Anti-Horario;11523.12
1973-03-09;2:44;951;730753;Viva;0.49;Horario;27486.73
1971-08-10;7:55;456;685013;Zamit;0.99;Anti-Horario;25224.03
1971-02-22;16:53;123;925109;Flowdeskcito;0.19;Anti-Horario;10656.01
1970-08-03;10:25;654;667742;Y-find;0.3;Horario;1104.27
1971-05-30;0:15;987;781034;Bamity;0.79;Anti-Horario;1643.28
1970-07-28;4:56;798;627297;Aerified;0.83;Anti-Horario;16802.45
1972-11-17;9:34;147;708569;Asoka;0.52;Horario;31056.75
1970-11-16;1:47;258;501456;Bigtax;0.73;Anti-Horario;24633.1
1971-01-12;14:13;369;501448;Malentin;0.06;Horario;8176.74
1971-09-04;6:00;741;334852;KnockingTravel;0.74;Anti-Horario;29112.59
1971-08-12;23:15;852;324041;DomainerViaje;0.83;Horario;10018.31
1973-01-25;12:13;963;345621;HolaMundo;0.41;Horario;4980.94
1973-05-16;13:31;753;381367;Viajemania;0.91;Anti-Horario;9792.52
1971-02-01;9:59;951;691855;Bytecard;0.66;Anti-Horario;11219.88
1973-04-01;21:47;951;552057;Stronghold;0.84;Anti-Horario;33681.69
1971-06-21;1:59;654;325484;Tempsoft;0.42;Anti-Horario;5922.88
1973-10-05;6:21;987;342317;Otcom;0.47;Anti-Horario;31116.34
1971-02-13;23:08;798;431028;Zathin;0.99;Anti-Horario;25137.73
1972-10-17;1:13;147;374994;Stringtough;0.74;Horario;7479.01
1973-12-01;12:34;258;860783;Asoka;0.53;Horario;5581.17
1972-06-12;22:34;369;896115;Gembucket;0.47;Anti-Horario;4638.49
1971-04-08;12:28;741;851573;It;0.77;Horario;34558.13
1970-01-01;2:32;852;941515;Target;0.9;Anti-Horario;29783.08
1970-02-19;1:03;963;832690;GrupoFeliz;0.66;Horario;25175.02
1970-02-28;22:12;753;715396;Fix San;0.3;Anti-Horario;17820.15
1971-03-05;0:43;951;448149;Lotlux;0.93;Anti-Horario;14584.86
1971-05-22;8:44;456;983432;MaikolsAgency;0.24;Anti-Horario;33295.04
1972-07-06;21:43;123;335435;Agencialand;0.44;Anti-Horario;24292.98
1971-01-20;9:23;654;935184;ZathinAgency;0.46;Anti-Horario;1650.3
1973-06-03;8:00;987;522192;Wololo;0.79;Horario;7334.01
1971-08-06;12:13;798;429413;Cardguard;0.86;Horario;32607.43
1972-06-12;8:42;147;557068;Cambiando;0.21;Horario;3443.84
1971-09-26;10:08;258;466644;Fintone;0.94;Anti-Horario;34437.1
1971-06-06;15:00;369;902076;Tin;0.64;Horario;2439.59
1972-07-21;16:15;741;430778;Zaam-Dox;0.25;Horario;30869.33
1971-05-29;15:24;852;756051;CantandoViajes;0.68;Horario;24268.87
1973-02-01;11:42;963;925017;Konklab;0.95;Anti-Horario;6632.12
1973-04-10;16:49;753;486733;Solarbreeze;0.03;Horario;29982.82
1971-02-25;17:54;951;520606;Lotstring;0.23;Anti-Horario;13179.35
1970-03-22;16:29;456;874326;Pannier;0.64;Anti-Horario;711.01
1972-04-17;22:09;123;556090;Voltsillam;0.42;Anti-Horario;29826.4
1971-08-23;22:21;654;323891;Kanlam;0.25;Anti-Horario;34516.64
1971-05-19;21:22;987;602602;Tampflex;0.19;Horario;1964.24
1970-12-13;16:12;798;630742;Zoolab;0.47;Horario;3055.36
1971-09-11;8:08;147;753305;Domainer;0.87;Horario;20028.84
1973-01-19;17:31;258;624278;Flowdesk;0.85;Horario;30558.74
1972-05-16;1:02;369;571623;Tresom;0.44;Horario;28688.15
1970-12-22;1:34;741;423608;Job;0.42;Horario;22362.62
1971-03-14;2:08;852;630971;Daltfresh;0.46;Anti-Horario;20529.88
1973-03-24;20:22;963;679845;Rank;0.27;Horario;19250.75
1972-02-15;17:11;753;543451;Viva;0.99;Horario;28626.52
1972-04-29;18:02;951;685960;Zamit;0.76;Anti-Horario;23678.91
1973-09-21;10:08;456;707747;Flowdeskcito;0.97;Horario;4945.36
1970-05-13;22:16;123;985433;Y-find;0.01;Horario;9743.04
1970-02-11;11:26;654;804551;Bamity;0.99;Anti-Horario;9114.94
1971-02-25;12:09;987;413538;Aerified;0.17;Horario;16757.01
1971-10-06;21:36;798;346375;Asoka;0.59;Anti-Horario;7233.38
1972-12-23;22:16;147;863363;Bigtax;0.6;Horario;5802.37
1973-11-28;8:43;258;801061;Malentin;0.93;Anti-Horario;6953.75
1973-03-17;5:35;369;949665;KnockingTravel;0.64;Anti-Horario;13986.92
1972-09-28;7:10;741;921561;DomainerViaje;0.45;Horario;13614.03
1970-08-11;4:21;852;895337;HolaMundo;0.08;Horario;5507.42
1970-08-19;5:52;963;831449;Viajemania;0.22;Horario;1273.71
1970-11-20;5:35;753;521896;Bytecard;0.43;Anti-Horario;4817.79
1972-11-08;22:37;951;682213;Stronghold;0.64;Horario;14863.61
1973-03-06;8:45;654;679746;Tempsoft;0.19;Horario;9673.01
1971-02-03;8:06;987;734970;Otcom;0.88;Anti-Horario;26637.69
1971-05-31;14:37;798;631213;Zathin;0.06;Horario;33169.55
1972-09-29;14:36;147;776452;Stringtough;0.18;Horario;4683.75
1972-01-06;16:16;258;724573;Asoka;0.48;Anti-Horario;24434.34
1971-08-22;12:51;369;825432;Gembucket;0.3;Anti-Horario;24735.93
1971-10-23;7:29;741;646193;It;0.83;Anti-Horario;17769.27
1972-01-10;22:30;852;407158;Target;0.31;Horario;30053.78
1970-10-10;16:20;963;921504;GrupoFeliz;0.9;Anti-Horario;20545.72
1970-01-24;3:22;753;450113;Fix San;0.91;Horario;17908.98
1972-09-15;8:10;951;570201;Lotlux;0.48;Horario;1826.01
1971-11-04;5:55;456;544017;MaikolsAgency;0.41;Anti-Horario;5401.47
1973-11-05;19:33;123;391900;Agencialand;0.67;Horario;30819.75
1970-12-21;4:55;654;390992;ZathinAgency;0.02;Horario;19154.62
1971-11-14;16:49;987;707892;Wololo;0.11;Anti-Horario;2855.83
1973-10-14;18:00;798;876603;Cardguard;0.41;Anti-Horario;27546.77
1972-09-13;19:25;147;940646;Cambiando;0.13;Horario;7026.88
1973-09-14;6:10;258;705334;Fintone;0.46;Anti-Horario;15472.47
1973-02-23;22:26;369;986959;Tin;0.69;Anti-Horario;29819.48
1971-01-31;9:29;741;473570;Zaam-Dox;0.27;Anti-Horario;16321.74
1971-05-26;8:37;852;959497;CantandoViajes;0.64;Anti-Horario;30725.4
1972-09-12;21:29;963;700155;Konklab;0.19;Horario;15135.93
1971-10-23;14:56;753;367374;Solarbreeze;0.53;Horario;26833.88
1972-06-11;13:54;951;489213;Lotstring;0.65;Horario;32006.26
1973-01-12;19:18;456;437763;Pannier;0.43;Horario;9144.91
1971-11-04;1:21;123;916151;Voltsillam;0.34;Horario;19266.62
1972-11-08;8:26;654;599270;Kanlam;0.89;Anti-Horario;30413.31
1972-07-25;9:47;987;902938;Tampflex;0.11;Horario;14189.37
1970-04-14;0:35;798;476970;Zoolab;0.17;Anti-Horario;14104.84
1970-10-21;12:04;147;461656;Domainer;0.44;Horario;5067.41
1970-06-01;6:18;258;869598;Flowdesk;0.76;Horario;6854.28
1971-09-24;17:45;369;897940;Tresom;0.51;Horario;33933.79
1971-05-31;10:27;741;465023;Job;0.34;Horario;29995.45
1971-02-04;3:25;852;515123;Daltfresh;0.04;Anti-Horario;4536.96
1970-02-15;15:49;963;947669;Rank;0.41;Horario;27601.98
1973-01-29;17:28;753;512014;Viva;0.69;Anti-Horario;11889.13
1970-08-09;21:42;951;481926;Zamit;0.93;Horario;10717.43
1971-02-27;15:55;456;655861;Flowdeskcito;0.63;Anti-Horario;23954.05
1970-01-17;5:23;123;646464;Y-find;0.48;Horario;16793.61
1972-09-14;17:16;654;572470;Bamity;0.68;Horario;32145.95
1973-07-08;15:49;987;439407;Aerified;0.81;Anti-Horario;26940.13
1973-11-25;6:18;798;684394;Asoka;0.79;Horario;15040.29
1971-01-02;11:45;147;545227;Bigtax;0.05;Horario;4998.46
1973-03-21;12:54;258;349638;Malentin;0.16;Anti-Horario;8685.54
1972-09-30;7:05;369;653527;KnockingTravel;0.69;Horario;7823.07
1971-09-23;9:36;741;355760;DomainerViaje;0.09;Anti-Horario;13965.78
1972-12-26;21:45;852;695545;HolaMundo;0.94;Anti-Horario;3895.72
1970-01-13;7:27;963;388278;Viajemania;0.55;Horario;32409.98
1973-07-28;19:00;753;630905;Bytecard;0.01;Anti-Horario;26781.81
1973-07-06;8:36;951;502108;Solarbreeze;0.49;Horario;1006.92
1972-05-11;21:36;987;740158;Lotstring;0.5;Horario;18237.23
1971-12-08;18:07;654;605272;Pannier;0.97;Horario;16858.19
1970-10-17;9:44;987;728714;Voltsillam;0.96;Anti-Horario;9916.25
1971-04-30;11:42;798;785986;Kanlam;0.59;Anti-Horario;4814.02
1973-06-09;1:32;147;845881;Tampflex;0.66;Anti-Horario;30869.69
1973-10-17;5:58;258;740883;Zoolab;0.11;Anti-Horario;19194.58
1972-10-22;7:25;369;658955;Domainer;0.85;Horario;19980.41
1970-04-11;11:44;741;759398;Flowdesk;0.78;Anti-Horario;31789.04
1972-12-04;20:51;852;708766;Tresom;0.19;Anti-Horario;1287.85
1973-05-16;7:28;963;912824;Job;0.46;Anti-Horario;6030.12
1971-11-21;3:27;753;740005;Daltfresh;0.11;Horario;31532.12
1971-05-07;5:26;951;839243;Rank;0.75;Horario;3135.84
1971-06-11;2:04;456;622494;Viva;0.42;Anti-Horario;18083.36
1972-02-04;16:03;123;594347;Zamit;0.24;Horario;16605.04
1973-08-16;3:27;654;387535;Flowdeskcito;0.83;Anti-Horario;12270.27
1972-03-27;2:54;987;534085;Y-find;0.91;Horario;4268.88
1970-05-03;4:07;798;446032;Bamity;0.97;Horario;9357.86
1971-05-08;4:47;147;920092;Aerified;0.75;Horario;14736.04
1973-04-21;20:23;258;880403;Asoka;0.94;Horario;34166.87
1972-03-23;1:19;369;966867;Bigtax;0.12;Anti-Horario;3556.69
1972-11-09;19:19;741;405318;Malentin;0.24;Horario;4692.92
1973-07-15;9:58;852;474448;KnockingTravel;0.49;Horario;16228.04
1970-07-03;7:05;963;322740;DomainerViaje;0.76;Horario;15563.22
1972-10-01;14:13;753;906983;HolaMundo;0.65;Horario;490.31
1972-08-03;7:08;951;827107;Viajemania;0.66;Anti-Horario;14057.31
1972-06-11;12:46;456;953538;Bytecard;0.65;Horario;7017.39
1973-07-28;13:44;123;540912;Stronghold;0.09;Horario;27434.67
1972-02-28;16:57;654;360136;Tempsoft;0.16;Anti-Horario;31483.84
1972-08-28;18:36;987;443864;Otcom;0.67;Anti-Horario;3219.54
1970-08-17;3:56;798;543643;Zathin;0.3;Anti-Horario;14678.03
1970-02-09;13:56;147;322808;Stringtough;0.86;Horario;4181.36
1971-01-08;20:02;258;672993;Asoka;0.61;Horario;8629.42
1971-04-02;6:32;369;809863;Gembucket;0.3;Anti-Horario;32689.95
1970-04-22;2:52;741;875924;It;0.76;Anti-Horario;6005.93
1973-08-27;21:06;852;585631;Target;0.22;Horario;2544.21
1972-09-20;15:30;963;384555;GrupoFeliz;0.12;Anti-Horario;6678.64
1973-04-23;17:04;753;949894;Fix San;0.51;Horario;21373.57
1973-05-03;6:51;951;335190;Lotlux;0.53;Anti-Horario;26850.94
1971-03-04;18:47;456;388730;MaikolsAgency;0.64;Horario;18453.55
1971-04-10;20:34;123;899404;Agencialand;0.14;Horario;5458.82
1972-02-21;11:27;654;854399;ZathinAgency;0.77;Anti-Horario;27443.59
1971-12-28;21:18;987;780125;Wololo;0.96;Horario;30735.13
1973-05-03;1:01;798;604910;Cardguard;0.68;Horario;18624.12
1973-10-17;15:57;147;885618;Cambiando;0.42;Horario;14563.85
1973-06-28;11:37;258;969703;Fintone;0.88;Anti-Horario;26540.24
1971-02-11;19:49;369;669519;Tin;0.19;Horario;27621.36
1972-09-06;11:26;741;449646;Zaam-Dox;0.18;Anti-Horario;5556.4
1973-10-21;21:25;852;592452;CantandoViajes;0.31;Anti-Horario;20905.13
1971-12-14;0:03;963;848472;Konklab;0.06;Anti-Horario;8301.82
1971-08-05;5:46;753;427115;Solarbreeze;0.22;Anti-Horario;11278.65
1973-08-21;6:20;951;753117;Lotstring;0.41;Anti-Horario;14318.24
1973-03-20;23:02;654;645821;Pannier;0.58;Anti-Horario;17960.71
1972-04-27;6:24;987;771235;Voltsillam;0.26;Horario;24217.07
1972-01-15;0:10;798;778236;Kanlam;0.76;Horario;9612.44
1970-03-10;2:47;147;322258;Tampflex;0.08;Horario;5140.68
1972-07-16;14:49;258;839916;Zoolab;0.78;Anti-Horario;23171.43
1970-10-21;6:35;369;572166;Domainer;0.38;Horario;19028.11
1972-03-24;1:23;741;983783;Flowdesk;0.28;Horario;26170.94
1972-05-08;7:31;852;715909;Tresom;0.64;Anti-Horario;28327.1
1970-05-04;10:42;963;886460;Job;0.36;Horario;2084.76
1973-04-03;9:16;753;922568;Daltfresh;0.86;Horario;19882.04
1971-05-20;7:58;951;504582;Rank;0.86;Anti-Horario;16194.02
1972-08-30;0:41;456;345053;Viva;0.51;Anti-Horario;2382.02
1972-09-18;21:32;123;973005;Zamit;0.78;Horario;21333.71
1973-09-20;20:03;654;658251;Flowdeskcito;0.06;Horario;1451.23
1971-08-10;14:22;987;739596;Y-find;0.24;Horario;9638.74
1973-01-27;6:28;798;689677;Bamity;0.47;Anti-Horario;3716.51
1972-09-07;6:35;147;674079;Aerified;0.97;Horario;13154.95
1970-04-11;15:31;258;815362;Asoka;0.01;Horario;2339.37
1973-06-05;21:53;369;682755;Bigtax;0.4;Horario;30219.21
1972-01-21;4:54;741;572382;Malentin;0.94;Anti-Horario;23143.46
1973-01-29;11:49;852;688090;KnockingTravel;0.07;Anti-Horario;5730.47
1970-06-25;3:51;963;363625;DomainerViaje;0.69;Horario;30800.18
1973-05-11;18:13;753;774765;HolaMundo;0.3;Horario;24906.02
1973-10-13;5:40;951;877807;Viajemania;0.73;Horario;20462.93
1971-01-05;16:51;456;591429;Bytecard;0.58;Anti-Horario;20473.19
1971-03-04;7:00;123;765963;Stronghold;0.1;Horario;33451.19
1970-05-15;7:44;654;888662;Tempsoft;0.83;Horario;16699.75
1973-09-01;15:11;987;490843;Otcom;0.24;Horario;8208.58
1972-06-04;19:40;798;525828;Zathin;0.43;Horario;16168.92
1973-06-10;17:05;147;568733;Stringtough;0.5;Anti-Horario;34098.02
1971-08-09;16:13;258;493506;Asoka;0.73;Anti-Horario;16241.59
1972-02-18;21:01;369;330377;Gembucket;0.16;Horario;17654.06
1972-07-08;21:05;741;329230;It;0.53;Anti-Horario;23182.8
1973-06-25;3:57;852;964389;Target;0.03;Anti-Horario;9509.21
1971-01-19;3:35;963;902288;GrupoFeliz;0.44;Anti-Horario;7649.2
1972-07-14;9:38;753;597281;Fix San;0.68;Horario;29593.69
1971-07-14;7:11;951;683269;Lotlux;0.6;Anti-Horario;16997.96
1973-09-26;13:05;456;500566;MaikolsAgency;0.64;Horario;27883.9
1972-05-07;2:50;123;785422;Agencialand;0.99;Anti-Horario;10262.97
1973-11-23;3:59;654;507217;ZathinAgency;0.93;Anti-Horario;22012.14
1971-01-20;15:50;987;702136;Wololo;0.14;Anti-Horario;20140.29
1973-02-17;19:01;798;465462;Cardguard;0.26;Horario;21590.94
1971-04-02;22:45;147;870670;Cambiando;0.64;Anti-Horario;30312.01
1971-09-07;11:44;258;572365;Fintone;0.94;Horario;22789.98
1970-01-03;23:30;369;642045;Tin;0.31;Horario;12329.41
1971-12-28;8:59;741;735261;Zaam-Dox;0.52;Anti-Horario;33320.97
1971-05-12;17:31;852;922339;CantandoViajes;0.26;Anti-Horario;1025.36
1973-09-27;11:42;963;748723;Konklab;0.9;Anti-Horario;10989.62
1972-12-16;11:52;753;342624;Solarbreeze;0.34;Anti-Horario;19498.9
1970-10-19;10:37;951;505579;Lotstring;0.13;Anti-Horario;9464.63
1970-06-28;11:51;654;350579;Pannier;0.53;Anti-Horario;21276.14
1970-10-14;0:07;987;961168;Voltsillam;0.87;Anti-Horario;3047.94
1970-07-01;19:33;798;963918;Kanlam;0.71;Horario;2602.01
1972-12-19;6:13;147;648904;Tampflex;0.39;Anti-Horario;2303.83
1970-10-29;23:02;258;578352;Zoolab;0.77;Anti-Horario;7372.2
1971-11-26;20:23;369;872431;Domainer;0.32;Anti-Horario;10987.34
1973-06-18;2:31;741;339609;Flowdesk;0.91;Anti-Horario;349.87
1971-07-08;6:43;852;669676;Tresom;0.8;Horario;21852.36
1971-06-28;14:17;963;957925;Job;0.61;Anti-Horario;25974.84
1972-06-04;7:31;753;489858;Daltfresh;0.76;Anti-Horario;21019.43
1972-10-31;4:10;951;976390;Rank;0.6;Anti-Horario;34608.13
1970-08-05;13:55;456;529292;Viva;0.44;Anti-Horario;11235.25
1972-12-09;13:22;123;476571;Zamit;0.74;Horario;895.94
1970-08-14;5:18;654;893638;Flowdeskcito;0.98;Anti-Horario;1324.46
1972-09-22;14:21;987;872611;Y-find;0.44;Horario;6750.07
1973-07-25;13:10;798;698195;Bamity;0.95;Anti-Horario;10924.78
1971-03-11;8:56;147;940998;Aerified;0.23;Horario;11029.34
1973-07-04;1:01;258;473391;Asoka;0.47;Horario;16615.28
1970-06-02;21:02;369;911005;Bigtax;0.46;Anti-Horario;33233
1971-08-17;20:52;741;474757;Malentin;0.73;Horario;13722.48
1973-09-30;15:20;852;679015;KnockingTravel;0.04;Anti-Horario;902.9
1970-03-04;10:38;963;711624;DomainerViaje;0.78;Anti-Horario;13924.06
1970-03-24;13:52;753;887893;HolaMundo;0.46;Horario;986.86
1972-05-20;1:29;951;485721;Viajemania;0;Anti-Horario;1601.61
1972-09-09;17:27;456;448933;Bytecard;0.13;Anti-Horario;11752.16
1972-10-11;20:47;123;844417;Stronghold;0.99;Horario;32787.65
1971-09-27;11:05;654;717066;Tempsoft;0.8;Horario;26372.33
1973-10-17;11:28;987;903519;Otcom;0.13;Anti-Horario;19357.19
1971-06-29;4:21;798;713664;Zathin;0.07;Anti-Horario;18796
1971-09-12;19:15;147;845716;Stringtough;0.55;Anti-Horario;24989.21
1971-08-31;2:20;258;436691;Asoka;0.07;Anti-Horario;11410.84
1972-01-24;19:56;369;947124;Gembucket;0.3;Anti-Horario;183.98
1972-08-21;21:33;741;493204;It;0.06;Horario;27907.43
1973-06-01;2:32;852;801232;Target;0.75;Anti-Horario;16896.91
1973-01-18;23:38;963;615660;GrupoFeliz;0.41;Horario;9618.84
1971-06-17;5:23;753;640002;Fix San;0.4;Horario;4958.2
1973-02-01;22:22;951;753694;Lotlux;0.47;Horario;13286.98
1972-12-26;6:02;456;811802;MaikolsAgency;0.07;Anti-Horario;33985.35
1973-03-04;23:44;123;403457;Agencialand;0.84;Anti-Horario;16384.68
1973-09-26;18:42;654;774584;ZathinAgency;0.73;Horario;30728.21
1971-04-16;5:10;987;795209;Wololo;0.2;Anti-Horario;25664.43
1971-10-29;8:16;798;387703;Cardguard;0.13;Anti-Horario;19406.98
1972-10-28;7:19;147;926724;Cambiando;0.48;Anti-Horario;21994.97
1972-05-25;11:50;258;436287;Fintone;0.38;Anti-Horario;837.13
1973-07-12;22:35;369;957166;Tin;0.41;Horario;9001.7
1970-11-19;6:06;741;963105;Zaam-Dox;0.66;Horario;19930.39
1973-05-08;17:14;852;615196;CantandoViajes;0.42;Anti-Horario;31867.6
1970-01-14;17:04;963;802929;Konklab;0.54;Horario;21548.98
1970-07-31;16:06;753;637716;Solarbreeze;0.6;Anti-Horario;7063.18
1971-09-13;1:24;951;408654;Lotstring;0.52;Horario;16678.25
1973-09-18;11:03;654;852706;Pannier;0.72;Horario;30177.39
1971-03-31;0:59;987;600276;Voltsillam;0.61;Horario;11943.09
1972-07-08;21:11;798;368030;Kanlam;0.68;Horario;17868.8
1973-03-17;9:16;147;420766;Tampflex;0.38;Anti-Horario;28419.3
1970-08-17;23:06;258;860144;Zoolab;0.97;Horario;20941.72
1972-01-13;22:45;369;339643;Domainer;0.1;Anti-Horario;23454.51
1970-06-18;21:33;741;908174;Flowdesk;0.67;Anti-Horario;28837.2
1972-09-22;10:52;852;911395;Tresom;0.08;Anti-Horario;14844.92
1973-10-16;20:42;963;965494;Job;0.91;Anti-Horario;24466.75
1970-05-02;20:22;753;755509;Daltfresh;0.1;Horario;27895.87
1973-09-03;19:50;951;845379;Rank;0.32;Horario;4515.37
1971-07-08;6:59;456;692804;Viva;0.92;Anti-Horario;13303.54
1970-04-29;13:11;123;925980;Zamit;0.91;Horario;15539.75
1973-01-28;0:57;654;975543;Flowdeskcito;0.21;Horario;3169.3
1973-07-11;7:58;987;728545;Y-find;0.73;Anti-Horario;3821.2
1970-01-25;1:59;798;700928;Bamity;0.18;Anti-Horario;6013.69
1971-11-25;0:38;147;865236;Aerified;0.15;Anti-Horario;4058.76
1970-04-25;17:42;258;918975;Asoka;0.59;Anti-Horario;33940.61
1973-11-30;1:39;369;691991;Bigtax;0.83;Anti-Horario;10090.96
1972-06-12;20:23;741;868516;Malentin;0.59;Horario;17563.94
1972-02-17;8:45;852;984112;KnockingTravel;0.68;Horario;22570.09
1971-01-01;4:47;963;647270;DomainerViaje;0.9;Horario;3033.61
1971-06-08;21:48;753;468308;HolaMundo;0.85;Horario;28515.81
1970-08-03;6:08;951;468553;Viajemania;0.72;Anti-Horario;20009.83
1970-02-03;0:14;456;494799;Bytecard;0.17;Anti-Horario;21206.73
1973-05-14;23:07;123;505951;Solarbreeze;0.34;Anti-Horario;12208.29
1971-12-03;16:56;654;539633;Lotstring;0.51;Anti-Horario;15405.06
1972-11-01;14:54;987;700289;Pannier;0.11;Anti-Horario;26612.3
1973-03-11;15:36;798;703512;Voltsillam;0.21;Horario;16413.98
1971-12-28;0:25;147;793547;Kanlam;0.98;Anti-Horario;10823.53
1973-03-18;12:49;258;426313;Tampflex;0.43;Anti-Horario;25048.22
1971-12-22;7:00;369;433946;Zoolab;0.6;Anti-Horario;10801.95
1970-10-05;16:48;741;441434;Domainer;0.45;Horario;26974.73
1971-07-31;4:58;852;652341;Flowdesk;0.9;Horario;14288.39
1971-04-02;16:58;963;950633;Tresom;0.06;Anti-Horario;7641.22
1971-01-20;19:31;753;730173;Job;0.64;Anti-Horario;13720.39
1970-07-29;7:33;951;675278;Daltfresh;0.15;Anti-Horario;10516.51
1970-08-22;12:59;456;736735;Rank;0.85;Horario;14189.11
1972-03-05;3:35;123;912719;Viva;0.41;Anti-Horario;7581.36
1971-06-27;23:37;654;707999;Zamit;0.98;Horario;1821.25
1970-02-12;6:20;987;486488;Flowdeskcito;0.42;Horario;13639.23
1973-02-06;16:20;798;418806;Y-find;0.6;Horario;28807.31
1971-09-04;6:41;147;951709;Bamity;0.04;Horario;13884.94
1972-11-26;12:29;258;824912;Aerified;0.02;Anti-Horario;31218.51
1972-10-14;7:17;369;970332;Asoka;0.79;Horario;13609.74
1972-12-28;11:24;741;608477;Bigtax;0.9;Anti-Horario;26309.22
1973-09-06;0:57;852;817986;Malentin;0.09;Anti-Horario;3620.37
1973-07-16;12:25;963;845234;KnockingTravel;0.76;Horario;2443.03
1973-07-09;21:18;753;574868;DomainerViaje;0.44;Anti-Horario;4079.44
1972-11-20;7:43;951;870975;HolaMundo;0.34;Horario;10366.29
1971-01-04;1:52;654;978760;Viajemania;0.4;Anti-Horario;4737.92
1973-07-30;18:45;654;636223;Bytecard;0.77;Horario;3733.73
1970-04-01;3:07;987;878682;Stronghold;0.32;Anti-Horario;1999.38
1970-10-13;2:25;798;529226;Tempsoft;0.75;Anti-Horario;18568.63
1971-06-13;18:06;147;980589;Otcom;0.71;Horario;16067.25
1972-06-04;7:22;258;383460;Zathin;0.3;Anti-Horario;32693.58
1972-04-12;0:47;369;569150;Stringtough;0.15;Anti-Horario;28315.8
1971-05-14;4:20;741;539501;Asoka;0.62;Horario;13265.05
1971-09-24;15:06;852;906743;Gembucket;0.23;Horario;21225.32
1972-04-30;20:39;963;464918;It;0.58;Anti-Horario;14796.91
1973-08-17;6:49;753;842942;Target;0.99;Anti-Horario;28433.39
1972-10-04;13:31;951;662483;GrupoFeliz;0.73;Anti-Horario;29358.04
1970-07-12;23:52;456;826790;Fix San;0.14;Anti-Horario;20657.49
1973-08-09;5:10;123;410165;Lotlux;0.39;Anti-Horario;32367.89
1971-12-06;8:38;654;904028;MaikolsAgency;0.36;Anti-Horario;23465.29
1973-06-18;18:47;987;438305;Agencialand;0.78;Anti-Horario;27427.56
1973-01-07;13:25;798;425043;ZathinAgency;0.69;Horario;18509.85
1971-03-06;8:48;147;356391;Wololo;0.56;Anti-Horario;10961.27
1971-03-30;20:53;258;776047;Cardguard;0.2;Horario;16079.09
1972-10-08;5:06;369;887210;Cambiando;0.22;Horario;30912.49
1972-10-01;8:23;741;805425;Fintone;0.63;Horario;11329.09
1971-11-18;6:39;852;538466;Tin;0.85;Anti-Horario;30218.13
1973-04-23;4:41;963;955526;Zaam-Dox;0.01;Anti-Horario;15720.33
1971-02-19;16:36;753;953572;CantandoViajes;0.06;Anti-Horario;34489.99
1973-06-10;0:17;951;716736;Konklab;0.94;Anti-Horario;24367.25
1970-10-01;16:18;456;472216;Solarbreeze;0.41;Anti-Horario;19808.03
1973-10-15;15:04;123;519479;Lotstring;0.56;Horario;24694.8
1970-01-12;19:26;654;803604;Pannier;0.78;Anti-Horario;5201.86
1973-09-15;9:32;987;391453;Voltsillam;0.11;Horario;17609.1
1973-09-07;5:26;798;769902;Kanlam;0.11;Horario;24722.05
1970-04-13;7:50;147;467130;Tampflex;0.26;Horario;32413.3
1972-02-02;12:11;258;464522;Zoolab;0.46;Anti-Horario;19584.26
1972-10-26;4:27;369;634187;Domainer;0.24;Horario;20414.22
1970-06-13;17:51;741;418863;Flowdesk;0.77;Horario;12214.49
1973-07-09;2:10;852;753136;Tresom;0.65;Anti-Horario;9503.79
1971-01-15;12:25;963;355663;Job;0.18;Anti-Horario;21740.52
1973-05-19;2:03;753;946302;Daltfresh;0.54;Anti-Horario;8458.46
1972-12-28;13:41;951;710693;Rank;0.21;Horario;34759.07
1971-06-18;23:22;456;908135;Viva;0.23;Horario;10692.28
1973-01-26;0:53;123;731703;Zamit;0.22;Anti-Horario;31176.85
1971-12-05;17:02;654;590680;Flowdeskcito;0.69;Horario;33307.46
1973-03-22;3:04;987;743610;Y-find;0.21;Horario;10052.52
1971-01-16;19:26;798;511070;Bamity;0.3;Anti-Horario;13972.17
1973-05-01;16:07;147;918762;Aerified;0.68;Anti-Horario;6217.14
1970-01-13;18:26;258;478160;Asoka;0.44;Anti-Horario;21021.92
1972-11-18;3:34;369;640310;Bigtax;0.93;Anti-Horario;26614.22
1972-03-28;3:13;741;892162;Malentin;0.6;Horario;24857.4
1971-05-17;22:03;852;330124;KnockingTravel;0.58;Horario;23673.27
1972-08-17;18:15;963;869806;DomainerViaje;0.94;Anti-Horario;5453.08
1971-04-07;23:09;753;525211;HolaMundo;0.35;Anti-Horario;1247.05
1973-11-20;2:35;951;617473;Viajemania;0.42;Horario;11773.36
1973-11-02;4:06;654;944587;Bytecard;0.54;Horario;21028.47
1972-09-02;7:50;987;861370;Stronghold;0.66;Horario;27330.03
1973-11-22;8:35;798;881885;Tempsoft;0.88;Anti-Horario;288.22
1972-03-28;16:54;147;913679;Otcom;0.32;Anti-Horario;33733.76
1972-09-19;1:32;258;522476;Zathin;0.72;Horario;24081.78
1971-12-17;1:41;369;743907;Stringtough;0.11;Horario;25113.89
1971-11-16;6:55;741;689899;Asoka;0.8;Horario;30115.98
1971-12-13;12:52;852;896724;Gembucket;0.65;Horario;28284.89
1970-03-16;3:29;963;726666;It;0.35;Anti-Horario;16888.73
1970-01-08;15:34;753;434432;Target;0.1;Horario;29573.06
1972-01-05;12:51;951;816171;GrupoFeliz;0.16;Horario;23699.26
1972-02-25;18:26;456;783176;Fix San;0.46;Horario;8563.8
1972-10-27;23:27;123;615293;Lotlux;0.65;Horario;18920.31
1972-03-29;18:49;654;399238;MaikolsAgency;0.21;Horario;3708.06
1972-11-04;23:07;987;787258;Agencialand;0.12;Horario;17564.35
1971-08-30;11:53;798;402766;ZathinAgency;0.76;Anti-Horario;13411.52
1972-10-08;4:42;147;338471;Wololo;0.78;Horario;16864
1970-12-06;6:54;258;383862;Cardguard;0.78;Horario;15924.18
1973-07-06;22:09;369;731213;Cambiando;0.12;Anti-Horario;26803.92
1972-10-30;0:43;741;971034;Fintone;0.14;Horario;6901.43
1972-09-12;22:02;852;514866;Tin;0.72;Horario;34884.92
1970-04-03;23:08;963;631894;Zaam-Dox;0.88;Horario;25353.29
1971-09-17;19:52;753;335653;CantandoViajes;0.24;Anti-Horario;7605.8
1973-04-30;11:29;951;639280;Konklab;0.01;Horario;11008.19
1972-09-05;11:46;456;651985;Solarbreeze;0.77;Horario;267.77
1970-02-05;8:03;123;734347;Lotstring;0.81;Horario;21497.6
1971-03-22;23:55;654;877298;Pannier;0.62;Anti-Horario;7988.82
1973-11-14;4:51;987;368361;Voltsillam;0.79;Anti-Horario;6906.08
1972-08-11;6:44;798;732040;Kanlam;0.08;Anti-Horario;3304.4
1972-05-02;12:05;147;804311;Tampflex;0.65;Horario;20202.44
1972-08-29;13:38;258;637155;Zoolab;0.19;Horario;32414.15
1972-01-13;21:40;369;452201;Domainer;0.47;Horario;15297.07
1972-01-11;11:33;741;982864;Flowdesk;0.79;Horario;12273.61
1973-01-06;14:13;852;866453;Tresom;0.06;Horario;33681.12
1970-05-08;17:55;963;442093;Job;0.32;Anti-Horario;24880.14
1971-11-01;9:43;753;979536;Daltfresh;0.68;Anti-Horario;26987.34
1970-12-29;4:24;951;419595;Rank;0.34;Anti-Horario;27516.39
1972-07-14;14:41;456;753666;Viva;0.09;Anti-Horario;6340.76
1972-12-23;11:37;123;908155;Zamit;0.45;Anti-Horario;10224.27
1973-05-12;18:45;654;553670;Flowdeskcito;0.54;Horario;168.06
1972-08-26;3:35;987;481180;Y-find;0.56;Anti-Horario;34498.9
1972-04-01;16:24;798;688074;Bamity;0.02;Anti-Horario;1794.98
1972-07-19;16:07;147;914853;Aerified;0.04;Anti-Horario;3178.33
